UF;COD_UF;COD_MUNIC;NOME_DO_MUNICIPIO;populacao_municipio_2010_sinopse;populacao_2010_compatibilizada;populacao_censo_2022;crescimento_2022_2010
AM;13;02603;Manaus;1802014;1802014;2063689;261675
DF;53;00108;Brasília;2570160;2572159;2817381;245222
SP;35;50308;São Paulo;11253503;11253503;11451999;198496
SP;35;52205;Sorocaba;586625;586816;723682;136866
GO;52;08707;Goiânia;1302001;1301912;1437366;135454
RR;14;00100;Boa Vista;284313;284313;413486;129173
SC;42;05407;Florianópolis;421240;421240;537211;115971
PA;15;05536;Parauapebas;153908;153908;267836;113928
MS;50;02704;Campo Grande;786797;786774;898100;111326
PB;25;07507;João Pessoa;723515;723515;833932;110417
MG;31;70206;Uberlândia;604013;604013;713224;109211
ES;32;05002;Serra;409267;417330;520653;103323
SC;42;09102;Joinville;515288;515288;616317;101029
MT;51;03403;Cuiabá;551098;553202;650877;97675
SP;35;43402;Ribeirão Preto;604682;604682;698642;93960
PE;26;11101;Petrolina;293962;293962;386791;92829
SP;35;41000;Praia Grande;262051;262051;349935;87884
SC;42;11900;Palhoça;137334;137334;222598;85264
MT;51;07909;Sinop;113099;113099;196312;83213
MA;21;11201;São José de Ribamar;163045;161937;244579;82642
SC;42;08203;Itajaí;183373;183373;264054;80681
SP;35;05708;Barueri;240749;240749;316473;75724
TO;17;21000;Palmas;228332;228332;302692;74360
SP;35;13009;Cotia;201150;201150;274413;73263
SP;35;25904;Jundiaí;370126;370126;443221;73095
SP;35;47809;Santo André;676407;676407;748919;72512
SP;35;49805;São José do Rio Preto;408258;408258;480393;72135
GO;52;01405;Aparecida de Goiânia;455657;455735;527796;72061
SC;42;04202;Chapecó;183530;183548;254785;71237
GO;52;20454;Senador Canedo;84443;84433;155635;71202
RJ;33;02700;Maricá;127461;127397;197277;69880
SP;35;18800;Guarulhos;1221979;1221979;1291771;69792
GO;52;21858;Valparaíso de Goiás;132982;131105;198861;67756
PR;41;07652;Fazenda Rio Grande;81675;81675;148873;67198
SP;35;49904;São José dos Campos;629921;629921;697054;67133
GO;52;00258;Águas Lindas de Goiás;159378;159386;225693;66307
PR;41;25506;São José dos Pinhais;264210;264210;329628;65418
BA;29;33307;Vitória da Conquista;306866;306014;370879;64865
GO;52;01108;Anápolis;334613;334623;398869;64246
SP;35;30607;Mogi das Cruzes;387779;387779;451505;63726
PE;26;04106;Caruaru;314912;314912;378048;63136
SP;35;34401;Osasco;666740;666740;728615;61875
PR;41;04808;Cascavel;286205;286177;348051;61874
SC;42;16602;São José;209804;209804;270299;60495
BA;29;10800;Feira de Santana;556642;556588;616272;59684
SP;35;38709;Piracicaba;364571;364571;423323;58752
BA;29;05701;Camaçari;242970;242970;300372;57402
SP;35;09502;Campinas;1080113;1081862;1139047;57185
PR;41;15200;Maringá;357077;355432;409657;54225
SP;35;20509;Indaiatuba;201619;201619;255748;54129
ES;32;05200;Vila Velha;414586;414586;467722;53136
SC;42;02404;Blumenau;309011;308943;361261;52318
PA;15;06807;Santarém;294580;279805;331942;52137
MG;31;43302;Montes Claros;361915;362148;414240;52092
PI;22;11001;Teresina;814230;814230;866300;52070
RJ;33;04524;Rio das Ostras;105676;105680;156491;50811
PA;15;02152;Canaã dos Carajás;26716;26716;77079;50363
RN;24;03251;Parnamirim;202456;202456;252716;50260
PR;41;13700;Londrina;506701;506447;555965;49518
MT;51;07602;Rondonópolis;195476;195586;244911;49325
GO;52;18805;Rio Verde;176424;176424;225696;49272
MS;50;03702;Dourados;196035;195495;243367;47872
BA;29;19553;Luís Eduardo Magalhães;60105;60105;107909;47804
MT;51;08402;Várzea Grande;252596;252361;300078;47717
SP;35;23107;Itaquaquecetuba;321770;321770;369275;47505
PR;41;19905;Ponta Grossa;311611;311601;358371;46770
SP;35;47304;Santana de Parnaíba;108813;108813;154105;45292
SP;35;48708;São Bernardo do Campo;765463;765463;810729;45266
SP;35;52502;Suzano;262480;262480;307429;44949
AP;16;00303;Macapá;398204;398204;442933;44729
MT;51;07925;Sorriso;66521;66354;110635;44281
SP;35;19071;Hortolândia;192692;192692;236641;43949
MG;31;70107;Uberaba;295988;295988;337836;41848
BA;29;25303;Porto Seguro;126929;126581;168326;41745
PE;26;10707;Paulista;300466;300466;342167;41701
SC;42;03204;Camboriú;62361;62361;103074;40713
SP;35;52403;Sumaré;241311;239562;279545;39983
MA;21;07506;Paço do Lumiar;105121;105695;145643;39948
BA;29;19207;Lauro de Freitas;163449;163449;203331;39882
RJ;33;02403;Macaé;206728;206753;246391;39638
BA;29;18407;Juazeiro;197965;198241;237821;39580
SC;42;08906;Jaraguá do Sul;143123;143132;182660;39528
MT;51;05259;Lucas do Rio Verde;45556;45571;83798;38227
GO;52;21403;Trindade;104488;104496;142431;37935
GO;52;08806;Goianira;34060;34058;71916;37858
RN;24;03608;Extremoz;24569;24569;61635;37066
CE;23;03709;Caucaia;325441;319637;355679;36042
CE;23;07304;Juazeiro do Norte;249939;250095;286120;36025
RJ;33;00704;Cabo Frio;186227;186264;222161;35897
SC;42;02909;Brusque;105503;105503;141385;35882
GO;52;05497;Cidade Ocidental;55915;55915;91767;35852
SP;35;06003;Bauru;343937;343937;379146;35209
PB;25;04009;Campina Grande;385213;384737;419379;34642
GO;52;12501;Luziânia;174531;174530;209129;34599
SP;35;10500;Caraguatatuba;100840;100840;134873;34033
PR;41;26256;Sarandi;82847;84492;118455;33963
SP;35;16200;Franca;318640;318640;352536;33896
SP;35;03208;Araraquara;208662;208662;242228;33566
MT;51;07040;Primavera do Leste;52066;52051;85146;33095
MG;31;54606;Ribeirão das Neves;296317;296736;329794;33058
SP;35;48906;São Carlos;221950;221950;254857;32907
PA;15;04208;Marabá;233669;233669;266533;32864
MG;31;06705;Betim;378089;379138;411846;32708
PR;41;01804;Araucária;119123;119123;151666;32543
SP;35;54102;Taubaté;278686;278686;310739;32053
SP;35;04107;Atibaia;126603;126603;158647;32044
RO;11;00205;Porto Velho;428527;428527;460434;31907
MG;31;45208;Nova Serrana;73699;73699;105552;31853
SE;28;00308;Aracaju;571149;571149;602757;31608
SP;35;22505;Itapevi;200769;200769;232297;31528
SE;28;04805;Nossa Senhora do Socorro;160827;160827;192330;31503
PR;41;27700;Toledo;119313;119313;150470;31157
SC;42;02008;Balneário Camboriú;108089;108089;139155;31066
MG;31;44805;Nova Lima;80998;80998;111697;30699
CE;23;06256;Itaitinga;35817;34102;64650;30548
MS;50;08305;Três Lagoas;101791;101786;132152;30366
SC;42;08302;Itapema;45797;45797;75940;30143
SP;35;07605;Bragança Paulista;146744;146744;176811;30067
PR;41;08304;Foz do Iguaçu;256088;256088;285415;29327
SP;35;24402;Jacareí;211214;211214;240275;29061
SP;35;52809;Taboão da Serra;244528;244528;273542;29014
SP;35;45209;Salto;105516;105516;134319;28803
AC;12;00401;Rio Branco;336038;336038;364756;28718
SP;35;09205;Cajamar;64114;64114;92689;28575
SP;35;36505;Paulínia;82146;82146;110537;28391
CE;23;04285;Eusébio;46033;46033;74170;28137
GO;52;04508;Caldas Novas;70473;70487;98622;28135
RS;43;05108;Caxias do Sul;435564;435551;463501;27950
RN;24;12005;São Gonçalo do Amarante;87668;87962;115838;27876
GO;52;05109;Catalão;86647;86644;114427;27783
PA;15;00602;Altamira;99075;99075;126279;27204
PA;15;01303;Barcarena;99859;99859;126650;26791
SP;35;01608;Americana;210638;210638;237240;26602
MG;31;24104;Esmeraldas;60271;59696;85598;25902
SC;42;11306;Navegantes;60556;60556;86401;25845
PA;15;03606;Itaituba;97493;97493;123314;25821
PR;41;19509;Piraquara;93207;92962;118730;25768
SP;35;24006;Itupeva;44859;44859;70616;25757
ES;32;03205;Linhares;141306;141141;166786;25645
MA;21;05302;Imperatriz;247505;247505;273110;25605
SP;35;22109;Itanhaém;87057;87057;112476;25419
CE;23;07650;Maracanaú;209057;209098;234509;25411
AL;27;04302;Maceió;932748;932642;957916;25274
MG;31;25101;Extrema;28599;28599;53482;24883
MG;31;71204;Vespasiano;104527;104516;129246;24730
MG;31;36702;Juiz de Fora;516247;516247;540756;24509
MT;51;06224;Nova Mutum;31649;31649;55839;24190
PR;41;04204;Campo Largo;112377;112213;136327;24114
RS;43;04606;Canoas;323827;323827;347657;23830
GO;52;17609;Planaltina;81649;81559;105031;23472
AL;27;07701;Rio Largo;68481;70685;93927;23242
SC;42;02107;Barra Velha;22386;22386;45369;22983
MG;31;37601;Lagoa Santa;52520;52520;75145;22625
MA;21;11300;São Luís;1014837;1015329;1037775;22446
MT;51;07958;Tangará da Serra;83431;84093;106434;22341
BA;29;03201;Barreiras;137427;137427;159734;22307
PB;25;13703;Santa Rita;120310;127676;149910;22234
SC;42;04608;Criciúma;192308;192305;214493;22188
PR;41;06902;Curitiba;1751907;1751907;1773718;21811
MG;31;52501;Pouso Alegre;130615;130615;152217;21602
RS;43;04630;Capão da Canoa;42040;42040;63594;21554
RS;43;11403;Lajeado;71445;72216;93646;21430
RS;43;14100;Passo Fundo;184826;184826;206215;21389
AL;27;00300;Arapiraca;214006;213671;234696;21025
SP;35;29005;Marília;216745;216745;237627;20882
TO;17;02109;Araguaína;150484;150484;171301;20817
SC;42;18004;Tijucas;30960;30960;51592;20632
SC;42;01307;Araquari;24810;24810;45283;20473
AM;13;01852;Iranduba;40781;40781;61163;20382
SP;35;23404;Itatiba;101471;101471;121590;20119
MG;31;48004;Patos de Minas;138710;139206;159235;20029
RO;11;00304;Vilhena;76202;76202;95832;19630
SP;35;56206;Valinhos;106793;106793;126373;19580
CE;23;05233;Horizonte;55187;55187;74755;19568
CE;23;01901;Barbalha;55323;55523;75033;19510
RJ;33;01009;Campos dos Goytacazes;463731;464066;483540;19474
PR;41;18501;Pato Branco;72370;72370;91836;19466
ES;32;02405;Guarapari;105286;105286;124656;19370
SP;35;57006;Votorantim;108809;108618;127923;19305
PR;41;05805;Colombo;212967;212994;232212;19218
PA;15;02400;Castanhal;173149;173149;192256;19107
MA;21;12209;Timon;155460;155579;174465;18886
MG;31;18601;Contagem;603442;602986;621863;18877
SC;42;02305;Biguaçu;58206;58206;76773;18567
SP;35;02804;Araçatuba;181579;181579;200124;18545
RS;43;02105;Bento Gonçalves;107278;104659;123151;18492
SP;35;38006;Pindamonhangaba;146995;146995;165428;18433
PE;26;02902;Cabo de Santo Agostinho;185025;185025;203440;18415
MT;51;02637;Campo Novo do Parecis;27577;27573;45899;18326
PE;26;07208;Ipojuca;80637;80637;98932;18295
MA;21;01400;Balsas;83528;83528;101767;18239
MG;31;22306;Divinópolis;213016;213016;231091;18075
SP;35;41406;Presidente Prudente;207610;207610;225668;18058
MG;31;04007;Araxá;93672;93672;111691;18019
RS;43;03103;Cachoeirinha;118278;118278;136258;17980
SP;35;07506;Botucatu;127328;127328;145155;17827
GO;52;11909;Jataí;88006;88006;105729;17723
PR;41;08403;Francisco Beltrão;78943;78943;96666;17723
MG;31;58953;Santana do Paraíso;27265;27265;44800;17535
RJ;33;00209;Araruama;112008;112228;129671;17443
SP;35;10609;Carapicuíba;369584;369584;386984;17400
GO;52;13103;Mineiros;52935;52935;70081;17146
PA;15;00107;Abaetetuba;141100;141100;158188;17088
SP;35;51702;Sertãozinho;110074;110074;126887;16813
AM;13;01902;Itacoatiara;86839;86839;103598;16759
PA;15;00404;Alenquer;52626;52626;69377;16751
SE;28;06701;São Cristóvão;78864;78864;95612;16748
AM;13;02504;Manacapuru;85141;85141;101883;16742
SC;42;07502;Indaial;54854;54854;71549;16695
SP;35;54003;Tatuí;107326;107326;123942;16616
PR;41;00400;Almirante Tamandaré;103204;103217;119825;16608
SP;35;06359;Bertioga;47645;47645;64188;16543
SE;28;00605;Barra dos Coqueiros;24976;24976;41511;16535
MG;31;57807;Santa Luzia;202942;202601;219132;16531
SE;28;02908;Itabaiana;86967;86967;103440;16473
PI;22;07702;Parnaíba;145705;145705;162159;16454
PR;41;28104;Umuarama;100676;100670;117095;16425
SP;35;30706;Mogi Guaçu;137245;137245;153658;16413
SP;35;48807;São Caetano do Sul;149263;149263;165655;16392
RJ;33;05208;São Pedro da Aldeia;87875;87820;104029;16209
SC;42;08450;Itapoá;14763;14763;30750;15987
SP;35;26902;Limeira;276022;276022;291869;15847
GO;52;08004;Formosa;100085;100085;115901;15816
GO;52;06206;Cristalina;46580;46572;62337;15765
SP;35;31803;Monte Mor;48949;48949;64662;15713
SP;35;31100;Mongaguá;46293;46293;61951;15658
TO;17;18204;Porto Nacional;49146;49146;64418;15272
RJ;33;05505;Saquarema;74234;74293;89559;15266
SP;35;43907;Rio Claro;186253;186253;201418;15165
MG;31;18304;Conselheiro Lafaiete;116512;116512;131621;15109
GO;52;11503;Itumbiara;92883;92876;107970;15094
CE;23;06405;Itapipoca;116065;116076;131123;15047
SP;35;24709;Jaguariúna;44311;44311;59347;15036
PR;41;01507;Arapongas;104150;104150;119138;14988
RS;43;16808;Santa Cruz do Sul;118374;118374;133230;14856
SP;35;27306;Louveira;37125;37080;51847;14767
PA;15;01204;Baião;36882;36882;51641;14759
PR;41;09401;Guarapuava;167328;167414;182093;14679
SC;42;05902;Gaspar;57981;57990;72570;14580
ES;32;04906;São Mateus;109028;109193;123752;14559
AM;13;04062;Tabatinga;52272;52272;66764;14492
AL;27;04708;Marechal Deodoro;45977;46018;60370;14352
CE;23;12908;Sobral;188233;188677;203023;14346
SP;35;55406;Ubatuba;78801;78801;92981;14180
GO;52;08608;Goianésia;59549;59549;73707;14158
MS;50;06606;Ponta Porã;77872;77877;92017;14140
PA;15;01808;Breves;92860;92860;106968;14108
SP;35;23909;Itu;154147;154147;168240;14093
PA;15;04703;Moju;70018;70018;84094;14076
AM;13;03809;São Gabriel da Cachoeira;37896;37896;51795;13899
PR;41;22404;Rolândia;57862;57862;71670;13808
MT;51;07065;Querência;13033;13033;26769;13736
SP;35;25201;Jarinu;23847;23847;37535;13688
PA;15;06500;Santa Izabel do Pará;59466;59466;73019;13553
SP;35;22307;Itapetininga;144377;144377;157790;13413
MG;31;70701;Varginha;123081;123081;136467;13386
AC;12;00203;Cruzeiro do Sul;78507;78507;91888;13381
PA;15;02103;Cametá;120896;120896;134184;13288
AM;13;01704;Humaitá;44227;44227;57473;13246
SP;35;16408;Franco da Rocha;131604;131604;144849;13245
MT;51;02678;Campo Verde;31589;31348;44585;13237
MG;31;67202;Sete Lagoas;214152;214221;227397;13176
PE;26;06804;Igarassu;102021;102021;115196;13175
PE;26;06002;Garanhuns;129408;129408;142506;13098
RN;24;07104;Macaíba;69467;69173;82249;13076
SC;42;04301;Concórdia;68621;68625;81646;13021
PE;26;13909;Serra Talhada;79232;79232;92228;12996
ES;32;00607;Aracruz;81832;81832;94765;12933
MG;31;47105;Pará de Minas;84215;84215;97139;12924
SP;35;28502;Mairiporã;80956;80956;93853;12897
MT;51;01803;Barra do Garças;56560;56315;69210;12895
SP;35;56701;Vinhedo;63611;63656;76540;12884
SC;42;18707;Tubarão;97235;97249;110088;12839
RS;43;21600;Tramandaí;41585;41585;54387;12802
SP;35;07001;Boituva;48314;48314;61081;12767
SP;35;04602;Bady Bassitt;14603;14603;27260;12657
MG;31;38203;Lavras;92200;92200;104761;12561
PR;41;15804;Medianeira;41817;41817;54369;12552
BA;29;10727;Eunápolis;100196;101255;113710;12455
RJ;33;00233;Armação dos Búzios;27560;27560;40006;12446
CE;23;13401;Tianguá;68892;69083;81506;12423
SC;42;07304;Imbituba;40170;40170;52579;12409
PA;15;08407;Xinguara;40573;40573;52893;12320
MG;31;29806;Ibirité;158954;158224;170537;12313
MG;31;39409;Manhuaçu;79574;79574;91886;12312
PR;41;04303;Campo Mourão;87194;87177;99432;12255
GO;52;00050;Abadia de Goiás;6876;6891;19128;12237
AM;13;04203;Tefé;61453;61453;73669;12216
MG;31;33808;Itaúna;85463;85463;97669;12206
MS;50;02951;Chapadão do Sul;19648;18815;30993;12178
SP;35;03307;Araras;118843;118843;130866;12023
BA;29;28703;Santo Antônio de Jesus;90985;91057;103055;11998
SP;35;57105;Votuporanga;84692;84692;96634;11942
PA;15;01501;Benevides;51651;51651;63567;11916
AL;27;08907;Satuba;14603;12443;24278;11835
SC;42;05704;Garopaba;18138;18138;29959;11821
SP;35;03901;Arujá;74905;74905;86678;11773
PR;41;14104;Mandaguaçu;19781;19781;31457;11676
MA;21;04800;Grajaú;62093;62234;73872;11638
SC;42;13500;Porto Belo;16083;16083;27688;11605
SC;42;06504;Guaramirim;35172;35172;46711;11539
SP;35;08504;Caçapava;84752;84752;96202;11450
MG;31;51800;Poços de Caldas;152435;152435;163742;11307
PA;15;00859;Anapu;20543;20543;31850;11307
SC;42;14805;Rio do Sul;61198;61297;72587;11290
PA;15;04901;Muaná;34204;34204;45368;11164
PA;15;08001;Tomé-Açu;56518;56518;67585;11067
SC;42;07007;Içara;58833;47982;59035;11053
MG;31;65537;Sarzedo;25814;25814;36844;11030
MG;31;30101;Igarapé;34851;34851;45847;10996
RN;24;02600;Ceará-Mirim;68141;68141;79115;10974
SP;35;15707;Ferraz de Vasconcelos;168306;168306;179198;10892
MT;51;07875;Sapezal;18094;18089;28944;10855
SP;35;33403;Nova Odessa;51242;51242;62019;10777
SC;42;02453;Bombinhas;14293;14293;25058;10765
RJ;33;01306;Casimiro de Abreu;35347;35347;46110;10763
CE;23;12403;São Gonçalo do Amarante;43890;43393;54143;10750
RS;43;16907;Santa Maria;261031;261032;271735;10703
PE;26;12505;Santa Cruz do Capibaribe;87582;87582;98254;10672
SP;35;16309;Francisco Morato;154472;154472;165139;10667
SC;42;01406;Araranguá;61310;61292;71922;10630
MT;51;06752;Pontes e Lacerda;41408;41408;52018;10610
MA;21;01707;Barreirinhas;54930;55029;65589;10560
SP;35;15004;Embu das Artes;240230;240230;250691;10461
PR;41;18402;Paranavaí;81590;81590;92001;10411
SP;35;05500;Barretos;112101;112101;122485;10384
GO;52;09705;Hidrolândia;17398;17398;27742;10344
PA;15;05809;Portel;52172;52172;62503;10331
SP;35;06508;Birigui;108728;108728;118979;10251
PR;41;03701;Cambé;96733;96987;107208;10221
SP;35;54805;Tremembé;40984;40984;51173;10189
SC;42;16206;São Francisco do Sul;42520;42520;52674;10154
SC;42;12809;Balneário Piçarras;17078;17078;27127;10049
PA;15;06138;Redenção;75556;75556;85597;10041
PE;26;06408;Gravatá;76458;76476;86516;10040
PR;41;17503;Paiçandu;35936;35936;45962;10026
MG;31;40704;Mateus Leme;27856;27856;37841;9985
PR;41;09609;Guaratuba;32095;32095;42062;9967
MT;51;03353;Confresa;25124;25124;35075;9951
CE;23;09706;Pacatuba;72299;71581;81524;9943
PA;15;03754;Jacareacanga;14103;14103;24042;9939
PR;41;14807;Marialva;31959;31959;41851;9892
GO;52;13806;Morrinhos;41460;41465;51351;9886
SP;35;04503;Avaré;82934;82934;92805;9871
PA;15;01709;Bragança;113227;113227;123082;9855
RJ;33;04201;Resende;119769;119769;129612;9843
GO;52;03302;Bela Vista de Goiás;24554;24613;34445;9832
PR;41;15705;Matinhos;29428;29428;39259;9831
CE;23;04202;Crato;121428;121260;131050;9790
PR;41;19152;Pinhais;117008;117253;127019;9766
RS;43;04408;Canela;39229;39227;48946;9719
SP;35;25003;Jandira;108344;108344;118045;9701
RS;43;07005;Erechim;96087;96085;105705;9620
BA;29;00702;Alagoinhas;141949;141463;151055;9592
PR;41;05508;Cianorte;69958;69958;79527;9569
SP;35;30300;Mirassol;53792;53792;63337;9545
PA;15;07805;Senador José Porfírio;13045;13045;22576;9531
PR;41;19954;Pontal do Paraná;20920;20920;30425;9505
PE;26;01201;Arcoverde;68793;68253;77742;9489
MT;51;00250;Alta Floresta;49164;49142;58613;9471
AM;13;00300;Autazes;32135;32135;41564;9429
BA;29;11709;Guanambi;78833;78452;87817;9365
GO;52;10406;Itaberaí;35371;35374;44734;9360
RS;43;09209;Gravataí;255660;255723;265074;9351
SC;42;18202;Timbó;36774;36774;46099;9325
MG;31;47006;Paracatu;84718;84718;94023;9305
PR;41;01408;Apucarana;120919;120919;130134;9215
RS;43;10330;Imbé;17670;17670;26824;9154
CE;23;09607;Pacajus;61838;61838;70983;9145
MG;31;62104;São Gotardo;31819;31819;40910;9091
ES;32;02801;Itapemirim;30988;30768;39832;9064
MG;31;70404;Unaí;77565;77557;86619;9062
PR;41;04006;Campina Grande do Sul;38769;38769;47825;9056
PA;15;01725;Brasil Novo;15690;15690;24718;9028
CE;23;11405;Quixeramobim;71887;73160;82177;9017
PR;41;14609;Marechal Cândido Rondon;46819;46819;55836;9017
AM;13;02900;Maués;52236;52236;61204;8968
SP;35;49102;São João da Boa Vista;83639;83639;92547;8908
GO;52;19753;Santo Antônio do Descoberto;63248;63233;72127;8894
SC;42;05456;Forquilhinha;22548;22548;31431;8883
RR;14;00456;Pacaraima;10433;10433;19305;8872
MG;31;62922;São Joaquim de Bicas;25537;25537;34348;8811
GO;52;15231;Novo Gama;95018;94996;103804;8808
AM;13;00680;Boa Vista do Ramos;14979;14979;23785;8806
MA;21;12456;Turilândia;22846;22846;31638;8792
RS;43;11809;Marau;36364;36364;45124;8760
PA;15;04752;Mojuí dos Campos;0;14775;23501;8726
SE;28;04508;Nossa Senhora da Glória;32497;32497;41212;8715
PR;41;07207;Dois Vizinhos;36179;36179;44869;8690
SP;35;56503;Várzea Paulista;107089;107089;115771;8682
PI;22;08007;Picos;73414;74435;83090;8655
PI;22;00400;Altos;38822;38822;47453;8631
CE;23;07254;Jijoca de Jericoacoara;17002;16958;25555;8597
SP;35;37602;Peruíbe;59773;59773;68352;8579
PB;25;03209;Cabedelo;57944;57944;66519;8575
MG;31;36652;Juatuba;22202;22170;30716;8546
MS;50;03256;Costa Rica;19695;17507;26037;8530
SC;42;12502;Penha;25141;25141;33663;8522
GO;52;15702;Palmeiras de Goiás;23338;23339;31858;8519
PA;15;05031;Novo Progresso;25124;25124;33638;8514
SP;35;09007;Caieiras;86529;86529;95032;8503
ES;32;01506;Colatina;111788;111537;120033;8496
SC;42;15802;São Bento do Sul;74801;74796;83277;8481
ES;32;05101;Viana;65001;65001;73423;8422
BA;29;14604;Irecê;66181;66117;74507;8390
RS;43;17202;Santa Rosa;68587;68587;76963;8376
TO;17;09500;Gurupi;76755;76755;85125;8370
RR;14;00472;Rorainópolis;24279;24279;32647;8368
MT;51;00201;Água Boa;20856;20856;29219;8363
PE;26;13701;São Lourenço da Mata;102895;102889;111249;8360
RO;11;00049;Cacoal;78574;78574;86887;8313
SC;42;09300;Lages;156727;156727;164981;8254
SC;42;19309;Videira;47188;47228;55466;8238
SP;35;21002;Iperó;28300;28300;36459;8159
RN;24;08201;Nísia Floresta;23784;23784;31942;8158
CE;23;00200;Acaraú;57551;57190;65264;8074
MA;21;03208;Chapadinha;73350;73350;81386;8036
PA;15;01105;Bagre;23864;23864;31892;8028
SC;42;17204;São Miguel do Oeste;36306;36306;44330;8024
MG;31;03504;Araguari;109801;109801;117808;8007
CE;23;01000;Aquiraz;72628;72652;80645;7993
TO;17;16109;Paraíso do Tocantins;44417;44417;52360;7943
MG;31;31901;Itabirito;45449;45452;53365;7913
RJ;33;03401;Nova Friburgo;182082;182057;189939;7882
AC;12;00609;Tarauacá;35590;35590;43467;7877
RS;43;09100;Gramado;32273;32290;40134;7844
ES;32;03320;Marataízes;34140;34140;41929;7789
AM;13;02405;Lábrea;37701;37701;45448;7747
PA;15;05502;Paragominas;97819;97819;105550;7731
RO;11;00122;Ji-Paraná;116610;116610;124333;7723
GO;52;14507;Nerópolis;24210;24213;31932;7719
RJ;33;03807;Paraty;37533;37533;45243;7710
SP;35;50704;São Sebastião;73942;73942;81595;7653
SP;35;25102;Jardinópolis;37661;37661;45282;7621
SP;35;40606;Porto Feliz;48893;48893;56497;7604
GO;52;05513;Cocalzinho de Goiás;17407;17414;25016;7602
BA;29;25501;Prado;27627;27413;35003;7590
RN;24;12203;São José de Mipibu;39776;39698;47286;7588
BA;29;18001;Jequié;151895;151301;158813;7512
SC;42;19507;Xanxerê;44128;44128;51607;7479
MS;50;05400;Maracaju;37405;37594;45047;7453
SC;42;15703;Santo Amaro da Imperatriz;19823;19823;27272;7449
ES;32;04559;Santa Maria de Jetibá;34176;34197;41636;7439
SC;42;02073;Balneário Gaivota;8234;8234;15669;7435
SP;35;56453;Vargem Grande Paulista;42997;42997;50415;7418
MS;50;07695;São Gabriel do Oeste;22203;22162;29579;7417
MG;31;48103;Patrocínio;82471;82471;89826;7355
PA;15;06203;Salinópolis;37421;37421;44772;7351
GO;52;15603;Padre Bernardo;27671;27661;34967;7306
SP;35;03802;Artur Nogueira;44177;44177;51456;7279
AM;13;02306;Jutaí;17992;17992;25172;7180
PR;41;11258;Itaperuçu;23887;24044;31217;7173
MG;31;40001;Mariana;54219;54219;61387;7168
PA;15;02939;Dom Eliseu;51319;51319;58484;7165
SP;35;13801;Diadema;386089;386089;393237;7148
BA;29;07202;Casa Nova;64940;64940;72086;7146
RJ;33;05554;Seropédica;78186;73463;80596;7133
MT;51;02702;Canarana;18754;18754;25858;7104
RS;43;21501;Torres;34656;34656;41751;7095
MT;51;06307;Paranatinga;19290;19339;26423;7084
PE;26;01706;Belo Jardim;72432;72432;79507;7075
CE;23;13500;Trairi;51422;51422;58415;6993
AP;16;00501;Oiapoque;20509;20509;27482;6973
PA;15;02905;Curuçá;34294;34294;41262;6968
PR;41;22206;Rio Branco do Sul;30650;30617;37558;6941
MS;50;07208;Rio Brilhante;30663;30663;37601;6938
AM;13;02702;Manicoré;47017;47017;53914;6897
BA;29;31350;Teixeira de Freitas;138341;138341;145216;6875
SP;35;19600;Ibitinga;53158;53158;60033;6875
CE;23;03501;Cascavel;66142;65897;72720;6823
MG;31;64704;São Sebastião do Paraíso;64980;64980;71796;6816
SP;35;28403;Mairinque;43223;43223;50027;6804
PA;15;00800;Ananindeua;471980;471980;478778;6798
CE;23;04251;Cruz;22479;22983;29761;6778
PA;15;02202;Capanema;63639;63639;70394;6755
PA;15;03309;Igarapé-Miri;58077;58077;64831;6754
SP;35;20400;Ilhabela;28196;28196;34934;6738
SE;28;03500;Lagarto;94861;94861;101579;6718
CE;23;10209;Paracuru;31636;32310;38980;6670
MG;31;20904;Curvelo;74219;74004;80665;6661
PE;26;01102;Araripina;77302;78429;85088;6659
PA;15;05908;Porto de Moz;33956;33956;40597;6641
RS;43;07906;Farroupilha;63635;63675;70286;6611
PI;22;10607;São Raimundo Nonato;32327;32327;38934;6607
MT;51;05150;Juína;39255;39267;45869;6602
SP;35;50407;São Pedro;31662;31662;38256;6594
MG;31;36207;João Monlevade;73610;73610;80187;6577
PE;26;07505;Itaíba;26256;26122;32650;6528
BA;29;29305;São Gonçalo dos Campos;33283;32990;39513;6523
SC;42;13203;Pomerode;27759;27778;34289;6511
SP;35;15509;Fernandópolis;64696;64696;71186;6490
RS;43;13508;Osório;40906;40907;47396;6489
SC;42;02057;Balneário Barra do Sul;8430;8430;14912;6482
RO;11;00023;Ariquemes;90353;90353;96833;6480
RJ;33;01900;Itaboraí;218008;217790;224267;6477
MA;21;08603;Pinheiro;78162;78162;84621;6459
PA;15;04059;Mãe do Rio;27904;27904;34353;6449
BA;29;08408;Conceição do Coité;62040;61378;67825;6447
SC;42;16305;São João Batista;26260;26260;32687;6427
SP;35;26704;Leme;91756;91756;98161;6405
AP;16;00600;Santana;101262;101262;107618;6356
PR;41;17909;Palotina;28683;28683;35011;6328
RS;43;13375;Nova Santa Rita;22716;22716;29024;6308
PB;25;12507;Queimadas;41049;41361;47658;6297
MG;31;62955;São José da Lapa;19799;19799;26090;6291
SC;42;12254;Passo de Torres;6627;6627;12897;6270
SP;35;04008;Assis;95144;95144;101409;6265
SC;42;01950;Balneário Arroio do Silva;9586;9586;15820;6234
PA;15;06005;Prainha;29349;29349;35577;6228
SC;42;19705;Xaxim;25713;25713;31918;6205
PB;25;04603;Conde;21400;21400;27605;6205
PA;15;06187;Rondon do Pará;46964;46964;53143;6179
PI;22;01903;Bom Jesus;22629;22629;28796;6167
SC;42;10506;Maravilha;22101;22116;28251;6135
MG;31;07406;Bom Despacho;45624;45624;51737;6113
SC;42;06306;Guabiruba;18430;18430;24543;6113
AM;13;04401;Urucurituba;17837;17837;23945;6108
ES;32;00409;Anchieta;23902;23902;29984;6082
PE;26;16407;Vitória de Santo Antão;129974;128017;134084;6067
SP;35;30805;Mogi Mirim;86505;86505;92558;6053
BA;29;04605;Brumado;64602;64493;70510;6017
PR;41;04907;Castro;67084;67084;73075;5991
BA;29;22656;Nordestina;12371;12541;18523;5982
SP;35;18404;Guaratinguetá;112072;112072;118044;5972
MT;51;01407;Aripuanã;18656;18656;24626;5970
CE;23;01109;Aracati;69159;69177;75113;5936
MT;51;05606;Matupá;14174;14174;20091;5917
SP;35;22208;Itapecerica da Serra;152614;152614;158522;5908
CE;23;02503;Brejo Santo;45193;45189;51090;5901
PE;26;09154;Manari;18083;17887;23763;5876
GO;52;05471;Chapadão do Céu;7001;7001;12870;5869
RS;43;10207;Ijuí;78915;78915;84780;5865
PA;15;08084;Tucumã;33690;33690;39550;5860
PE;26;06200;Goiana;75644;75231;81055;5824
RO;11;00288;Rolim de Moura;50648;50648;56406;5758
MG;31;62500;São João del Rei;84469;84469;90225;5756
PE;26;12208;Salgueiro;56629;56629;62372;5743
SP;35;42602;Registro;54261;54261;59947;5686
MA;21;10500;São Bento;40736;40736;46395;5659
MG;31;47907;Passos;106290;106290;111939;5649
SC;42;12908;Pinhalzinho;16332;16346;21972;5626
MT;51;07008;Poxoréu;17599;17659;23283;5624
GO;52;21601;Uruaçu;36929;36937;42546;5609
PE;26;14501;Surubim;58515;58515;64120;5605
PE;26;07000;Inajá;19081;20007;25603;5596
PE;26;15409;Toritama;35554;35554;41137;5583
GO;52;09200;Guapó;13976;13976;19545;5569
SP;35;46603;Santa Fé do Sul;29239;29239;34794;5555
RN;24;14209;Tibau do Sul;11385;11385;16929;5544
RS;43;21451;Teutônia;27272;27272;32797;5525
CE;23;06553;Itarema;37471;37453;42957;5504
PA;15;05304;Oriximiná;62794;62794;68294;5500
MS;50;04700;Ivinhema;22341;22341;27821;5480
PI;22;05508;José de Freitas;37085;37085;42559;5474
RS;43;13904;Panambi;38058;38044;43515;5471
PA;15;00206;Acará;53569;53569;59023;5454
MG;31;37205;Lagoa da Prata;45984;45984;51412;5428
SP;35;08405;Cabreúva;41604;41604;47011;5407
SP;35;18305;Guararema;25844;25844;31236;5392
CE;23;13302;Tauá;55716;55849;61227;5378
RR;14;00704;Uiramutã;8375;8375;13751;5376
MS;50;06002;Nova Alvorada do Sul;16432;16450;21822;5372
MS;50;01003;Aparecida do Taboado;22320;22307;27674;5367
PR;41;18204;Paranaguá;140469;140469;145829;5360
PR;41;17602;Palmas;42888;42888;48247;5359
PA;15;02806;Curralinho;28549;28549;33903;5354
RS;43;07609;Estância Velha;42574;42574;47924;5350
BA;29;30501;Serrinha;76762;75095;80435;5340
MG;31;17306;Conceição das Alagoas;23043;23043;28381;5338
SP;35;10302;Capela do Alto;17532;17532;22866;5334
PR;41;04253;Campo Magro;24843;24843;30160;5317
RS;43;20909;Tapejara;19250;19250;24557;5307
PE;26;10608;Paudalho;51357;51361;56665;5304
RS;43;04804;Carlos Barbosa;25192;25162;30420;5258
MG;31;17504;Conceição do Mato Dentro;17908;17905;23163;5258
PA;15;05205;Oeiras do Pará;28595;28595;33844;5249
AM;13;00631;Beruri;15486;15486;20718;5232
GO;52;18508;Quirinópolis;43220;43221;48447;5226
PR;41;14302;Mandirituba;22220;22220;27439;5219
RS;43;06767;Eldorado do Sul;34343;34343;39559;5216
MG;31;01607;Alfenas;73774;73774;78970;5196
BA;29;08507;Conceição do Jacuípe;30123;30112;35308;5196
RJ;33;02205;Itaperuna;95841;95867;101041;5174
PR;41;27106;Telêmaco Borba;69872;69872;75042;5170
PE;26;00104;Afogados da Ingazeira;35088;35088;40241;5153
MG;31;12307;Capelinha;34803;34477;39626;5149
SP;35;02903;Araçoiaba da Serra;27299;27299;32443;5144
BA;29;06873;Capim Grosso;26577;28093;33235;5142
SC;42;20000;Balneário Rincão;0;10851;15981;5130
SC;42;14003;Presidente Getúlio;14887;14883;20010;5127
MG;31;27107;Frutal;53468;53468;58588;5120
PA;15;05437;Ourilândia do Norte;27359;27359;32467;5108
TO;17;11902;Lagoa da Confusão;10210;10210;15288;5078
SP;35;11508;Cerquilho;39617;39617;44695;5078
SP;35;26803;Lençóis Paulista;61428;61428;66505;5077
RJ;33;01876;Iguaba Grande;22851;22848;27920;5072
CE;23;10852;Pindoretama;18683;18334;23391;5057
PI;22;11209;Uruçuí;20149;20149;25203;5054
SP;35;33908;Olímpia;50024;50024;55074;5050
MG;31;34202;Ituiutaba;97171;97171;102217;5046
RR;14;00407;Normandia;8940;8940;13986;5046
BA;29;10057;Dias d'Ávila;66440;66440;71485;5045
SP;35;51504;Serrana;38878;38878;43909;5031
MG;31;10509;Camanducaia;21080;21080;26097;5017
MS;50;07901;Sidrolândia;42132;42114;47118;5004
BA;29;33208;Vera Cruz;37567;37567;42529;4962
MG;31;09006;Brumadinho;33973;33973;38915;4942
RS;43;12401;Montenegro;59415;59415;64322;4907
AP;16;00402;Mazagão;17032;17032;21924;4892
PB;25;03704;Cajazeiras;58446;58365;63239;4874
BA;29;28901;São Desidério;27659;27976;32828;4852
MS;50;02407;Caarapó;25767;25770;30612;4842
BA;29;20700;Maraú;19101;19689;24527;4838
BA;29;17508;Jacobina;79247;77758;82590;4832
MG;31;04205;Arcos;36597;36597;41416;4819
AM;13;00706;Boca do Acre;30632;30632;35447;4815
PR;41;24400;Santo Antônio do Sudoeste;18893;18893;23673;4780
RR;14;00175;Cantá;13902;13902;18682;4780
RN;24;08003;Mossoró;259815;259815;264577;4762
CE;23;14102;Viçosa do Ceará;54955;54955;59712;4757
SC;42;02800;Braço do Norte;29018;29019;33773;4754
ES;32;01308;Cariacica;348738;348738;353491;4753
SC;42;17402;Schroeder;15316;15316;20061;4745
BA;29;19702;Macarani;17093;16880;21599;4719
BA;29;10701;Euclides da Cunha;56289;56739;61456;4717
SC;42;07106;Ilhota;12355;12355;17046;4691
MT;51;06257;Nova Xavantina;19643;19657;24345;4688
RR;14;00050;Alto Alegre;16448;16448;21096;4648
SP;35;11300;Cedral;7972;7972;12618;4646
PA;15;02301;Capitão Poço;51893;51893;56506;4613
RJ;33;02601;Mangaratiba;36456;36610;41220;4610
AC;12;00104;Brasiléia;21398;21398;26000;4602
RR;14;00027;Amajari;9327;9327;13927;4600
MS;50;00609;Amambai;34730;34730;39325;4595
BA;29;24009;Paulo Afonso;108396;108308;112870;4562
BA;29;28802;Santo Estêvão;47880;47726;52276;4550
PA;15;04802;Monte Alegre;55462;55462;60012;4550
PA;15;04000;Limoeiro do Ajuru;25021;25021;29569;4548
MG;31;46107;Ouro Preto;70281;70281;74821;4540
PR;41;07900;Floresta;5931;5931;10458;4527
MA;21;09452;Raposa;26327;26369;30839;4470
SP;35;02101;Andradina;55334;55334;59783;4449
AC;12;00138;Bujari;8471;8471;12917;4446
SP;35;02754;Araçariguama;17080;17080;21522;4442
PE;26;04007;Carpina;74858;74858;79293;4435
GO;52;10208;Iporá;31274;31278;35684;4406
RS;43;05454;Cidreira;12668;12668;17071;4403
MG;31;57708;Santa Juliana;11337;11337;15734;4397
SP;35;20426;Ilha Comprida;9025;9025;13419;4394
MG;31;16605;Cláudio;25771;25771;30159;4388
SP;35;19709;Ibiúna;71217;71217;75605;4388
CE;23;07601;Limoeiro do Norte;56264;55180;59560;4380
MG;31;18007;Congonhas;48519;48519;52890;4371
PR;41;26603;Siqueira Campos;18454;18454;22811;4357
PI;22;03909;Floriano;57690;57690;62036;4346
PR;41;20804;Quatro Barras;19851;19851;24191;4340
BA;29;29909;Seabra;41798;41821;46160;4339
PR;41;03453;Cafelândia;14662;14662;18997;4335
BA;29;06006;Campo Formoso;66616;67059;71377;4318
SC;42;08500;Ituporanga;22250;22226;26525;4299
RS;43;13201;Nova Petrópolis;19045;19040;23300;4260
RN;24;04200;Goianinha;22481;22481;26741;4260
ES;32;03056;Jaguaré;24678;24678;28931;4253
AM;13;00607;Benjamin Constant;33411;33411;37648;4237
MG;31;71303;Viçosa;72220;72220;76430;4210
SP;35;15103;Embu-Guaçu;62769;62769;66970;4201
ES;32;04203;Piúma;18123;18110;22300;4190
MG;31;51503;Piumhi;31883;31883;36062;4179
RJ;33;05000;São João da Barra;32747;32412;36573;4161
MA;21;01202;Bacabal;100014;99557;103711;4154
PR;41;04659;Carambeí;19163;19163;23283;4120
SC;42;03600;Campos Novos;32824;32819;36932;4113
RS;43;01636;Balneário Pinhal;10856;10856;14955;4099
SP;35;07803;Brodowski;21107;21107;25201;4094
AC;12;00336;Mâncio Lima;15206;15206;19294;4088
PA;15;00909;Augusto Corrêa;40497;40497;44573;4076
MG;31;35050;Jaíba;33587;33602;37660;4058
PR;41;14203;Mandaguari;32658;32658;36716;4058
MS;50;02209;Bonito;19587;19605;23659;4054
PE;26;00054;Abreu e Lima;94429;94425;98462;4037
MS;50;05707;Naviraí;46424;46424;50457;4033
RS;43;23804;Xangri-lá;12434;12434;16463;4029
MG;31;33600;Itapeva;8664;8664;12692;4028
BA;29;29206;São Francisco do Conde;33183;34707;38733;4026
CE;23;02206;Beberibe;49311;49095;53114;4019
AC;12;00344;Manoel Urbano;7981;7981;11996;4015
SE;28;07105;Simão Dias;38702;38581;42578;3997
MT;51;08006;Tapurah;10392;10377;14370;3993
SE;28;03203;Itaporanga d'Ajuda;30419;30419;34411;3992
PE;26;07752;Itapissuma;23769;23769;27749;3980
MA;21;10203;Santa Rita;32366;33078;37035;3957
GO;52;10000;Inhumas;48246;48257;52204;3947
PA;15;06302;Salvaterra;20183;20183;24129;3946
PA;15;06351;Santa Bárbara do Pará;17141;17141;21087;3946
SP;35;11409;Cerqueira César;17532;17532;21469;3937
SC;42;06009;Governador Celso Ramos;12999;12999;16915;3916
MG;31;35100;Janaúba;66803;66803;70699;3896
MG;31;70529;Urucuia;13604;13604;17479;3875
SP;35;25706;José Bonifácio;32763;32763;36633;3870
MA;21;02705;Cantanhede;20448;20448;24303;3855
BA;29;02807;Barra da Estiva;21187;22173;26026;3853
SP;35;15152;Engenheiro Coelho;15721;15721;19566;3845
PE;26;05103;Custódia;33855;33855;37699;3844
SP;35;17505;Guapiaçu;17869;17869;21711;3842
MG;31;49309;Pedro Leopoldo;58740;58740;62580;3840
MS;50;00203;Água Clara;14424;12902;16741;3839
MG;31;34400;Iturama;34456;34456;38295;3839
GO;52;20108;São Luís de Montes Belos;30034;30033;33852;3819
PA;15;03903;Juruti;47086;47086;50881;3795
SP;35;19055;Holambra;11299;11299;15094;3795
RS;43;08508;Frederico Westphalen;28843;28843;32627;3784
GO;52;20009;São João d'Aliança;10257;10257;14041;3784
SC;42;05803;Garuva;14761;14761;18545;3784
RJ;33;04110;Porto Real;16592;16592;20373;3781
BA;29;06808;Cansanção;32908;33668;37439;3771
PR;41;02000;Assis Chateaubriand;33025;33037;36808;3771
SC;42;01208;Antônio Carlos;7458;7458;11224;3766
RS;43;08201;Flores da Cunha;27126;27139;30892;3753
SC;42;06652;Guatambú;4679;4679;8425;3746
SP;35;01301;Álvares Machado;23513;23513;27255;3742
PE;26;16209;Vertentes;18222;18222;21959;3737
BA;29;14901;Itacaré;24318;23971;27704;3733
AM;13;03700;Santo Antônio do Içá;24481;24481;28211;3730
RJ;33;04755;São Francisco de Itabapoana;41354;41354;45059;3705
PI;22;08403;Piripiri;61834;61834;65538;3704
AM;13;00508;Barreirinha;27355;27355;31051;3696
BA;29;12202;Ibicoara;17282;17099;20785;3686
GO;52;17302;Pirenópolis;23006;23008;26690;3682
PB;25;00601;Alhandra;18007;18055;21730;3675
MT;51;02686;Campos de Júlio;5154;5154;8822;3668
RS;43;00877;Araricá;4864;4864;8525;3661
MG;31;41108;Matozinhos;33955;33958;37618;3660
AC;12;00252;Epitaciolândia;15100;15100;18757;3657
RS;43;08607;Garibaldi;30689;30679;34335;3656
MA;21;06631;Matões do Norte;13794;13794;17432;3638
SP;35;45308;Salto de Pirapora;40132;40132;43748;3616
GO;52;17401;Pires do Rio;28762;28761;32373;3612
PE;26;05509;Ferreiros;11430;11418;15026;3608
SP;35;05609;Barrinha;28496;28496;32092;3596
CE;23;04103;Crateús;72812;72817;76390;3573
PA;15;02764;Cumaru do Norte;10466;10466;14036;3570
ES;32;01902;Domingos Martins;31847;31847;35416;3569
MG;31;31703;Itabira;109783;109783;113343;3560
CE;23;11306;Quixadá;80604;80608;84168;3560
SP;35;09601;Campo Limpo Paulista;74074;74074;77632;3558
MA;21;12407;Turiaçu;33933;33933;37491;3558
PA;15;04422;Marituba;108246;108246;111785;3539
PA;15;02004;Cachoeira do Arari;20443;20443;23981;3538
GO;52;01801;Aragoiânia;8365;8365;11890;3525
SP;35;11607;Cesário Lange;15540;15540;19048;3508
SP;35;51603;Serra Negra;26387;26387;29894;3507
CE;23;05001;Guaraciaba do Norte;37775;38548;42053;3505
AM;13;03536;Presidente Figueiredo;27175;27175;30668;3493
RJ;33;00258;Arraial do Cabo;27715;27496;30986;3490
SP;35;22604;Itapira;68537;68537;72022;3485
MA;21;09809;Santa Helena;39110;38078;41561;3483
GO;52;18300;Posse;31419;31432;34914;3482
BA;29;08903;Coração de Maria;22401;23213;26692;3479
PE;26;02605;Brejo da Madre de Deus;45180;45180;48648;3468
MG;31;14204;Carmo do Cajuru;20012;20012;23479;3467
PI;22;11100;União;42654;42654;46119;3465
SP;35;39301;Pirassununga;70081;70081;73545;3464
MG;31;45901;Ouro Branco;35268;35268;38724;3456
PR;41;06605;Cruzeiro do Oeste;20416;20384;23831;3447
SP;35;52106;Socorro;36686;36686;40122;3436
SP;35;12407;Cordeirópolis;21080;21080;24514;3434
MA;21;12605;Urbano Santos;24573;29386;32812;3426
AL;27;04500;Maragogi;28749;28749;32174;3425
GO;52;00605;Alto Paraíso de Goiás;6885;6885;10306;3421
PR;41;24053;Santa Terezinha de Itaipu;20841;20841;24262;3421
BA;29;11105;Formosa do Rio Preto;22528;22490;25899;3409
PR;41;09807;Ibiporã;48198;48198;51603;3405
TO;17;05508;Colinas do Tocantins;30838;30838;34233;3395
BA;29;14703;Itaberaba;61631;61681;65073;3392
ES;32;05069;Venda Nova do Imigrante;20447;20447;23831;3384
ES;32;03346;Marechal Floriano;14262;14262;17641;3379
SC;42;17709;Sombrio;26613;26613;29991;3378
GO;52;09952;Indiara;13687;13690;17061;3371
BA;29;27705;Santa Cruz Cabrália;26264;25827;29185;3358
MG;31;49705;Perdigão;8912;8912;12268;3356
PR;41;25704;São Miguel do Iguaçu;25769;25769;29122;3353
SP;35;27108;Lins;71432;71432;74779;3347
MG;31;43906;Muriaé;100765;100765;104108;3343
MG;31;23700;Engenheiro Caldas;10280;10280;13622;3342
GO;52;11800;Jaraguá;41870;41883;45223;3340
SP;35;45803;Santa Bárbara d'Oeste;180009;180009;183347;3338
SP;35;36703;Pederneiras;41497;41497;44827;3330
BA;29;25758;Presidente Tancredo Neves;23846;24409;27734;3325
RS;43;18705;São Leopoldo;214087;214087;217409;3322
RS;43;01057;Arroio do Sal;7740;7740;11057;3317
AC;12;00500;Sena Madureira;38029;38029;41343;3314
PE;26;03454;Camaragibe;144466;144466;147771;3305
RR;14;00308;Mucajaí;14792;14792;18095;3303
MG;31;02605;Andradas;37270;37270;40553;3283
MG;31;34608;Jaboticatubas;17134;17134;20406;3272
RN;24;00208;Açu;53227;53227;56496;3269
PA;15;00701;Anajás;24759;24759;28011;3252
PR;41;06209;Contenda;15891;15891;19128;3237
GO;52;03500;Bom Jesus de Goiás;20727;20727;23958;3231
RS;43;17608;Santo Antônio da Patrulha;39685;39722;42947;3225
RS;43;14803;Portão;30920;30868;34071;3203
PI;22;03701;Esperantina;37767;37767;40970;3203
RJ;33;03856;Paty do Alferes;26359;26416;29619;3203
PR;41;04709;Carlópolis;13706;13706;16905;3199
GO;52;00308;Alexânia;23814;23814;27008;3194
PR;41;28708;Vitorino;6513;6513;9706;3193
MS;50;01904;Bataguassu;19839;19839;23031;3192
PR;41;28005;Ubiratã;21558;21558;24749;3191
PE;26;15607;Trindade;26116;27142;30321;3179
RS;43;01008;Arroio do Meio;18783;18783;21958;3175
AM;13;00904;Canutama;12738;13695;16869;3174
GO;52;09101;Goiatuba;32492;32493;35664;3171
SP;35;37305;Penápolis;58510;58510;61679;3169
BA;29;30774;Sobradinho;22000;22310;25475;3165
SP;35;00709;Agudos;34524;34524;37680;3156
RJ;33;02007;Itaguaí;109091;113691;116841;3150
ES;32;04302;Presidente Kennedy;10314;10547;13696;3149
MG;31;63706;São Lourenço;41657;41657;44798;3141
RS;43;06403;Dois Irmãos;27572;27572;30709;3137
ES;32;05309;Vitória;327801;319738;322869;3131
SC;42;09003;Joaçaba;27020;27020;30146;3126
MG;31;26109;Formiga;65128;65128;68248;3120
AM;13;04005;Silves;8444;8444;11559;3115
RS;43;10801;Ivoti;19874;19874;22983;3109
BA;29;05206;Caetité;47515;48913;52012;3099
PI;22;01200;Barras;44850;44850;47938;3088
SC;42;08807;Jaguaruna;17290;17290;20375;3085
PR;41;27601;Tijucas do Sul;14537;14537;17621;3084
PI;22;03305;Demerval Lobão;13278;13278;16352;3074
PA;15;04505;Melgaço;24808;24808;27881;3073
SC;42;16909;São Lourenço do Oeste;21792;21725;24791;3066
SP;35;56107;Valentim Gentil;11036;11036;14098;3062
AM;13;01605;Fonte Boa;22817;22817;25871;3054
MG;31;10608;Cambuí;26488;26488;29536;3048
SP;35;40804;Potirendaba;15449;15449;18496;3047
PR;41;10706;Irati;56207;56207;59250;3043
CE;23;05357;Icapuí;18392;18392;21433;3041
MG;31;33709;Itatiaiuçu;9928;9928;12966;3038
SP;35;39400;Piratininga;12072;12072;15108;3036
GO;52;20603;Silvânia;19089;19210;22245;3035
ES;32;03908;Nova Venécia;46031;46031;49065;3034
PE;26;01904;Bezerros;58668;58668;61694;3026
AC;12;00302;Feijó;32412;32412;35426;3014
ES;32;02454;Ibatiba;22366;22366;25380;3014
MG;31;64605;São Sebastião do Oeste;5805;5805;8815;3010
BA;29;28000;Santaluz;33838;34833;37834;3001
MG;31;56700;Sabará;126269;126384;129380;2996
MS;50;06200;Nova Andradina;45585;45578;48563;2985
CE;23;00754;Amontada;39232;39172;42156;2984
RR;14;00159;Bonfim;10943;10943;13923;2980
SP;35;11102;Catanduva;112820;112820;115791;2971
AM;13;01001;Carauari;25774;25774;28742;2968
MT;51;07859;São Félix do Araguaia;10625;10655;13621;2966
SC;42;03006;Caçador;70762;70762;73720;2958
PE;26;08800;Lajedo;36628;36628;39582;2954
PA;15;08209;Vigia;47889;47889;50832;2943
CE;23;08401;Missão Velha;34274;33898;36822;2924
AL;27;02405;Delmiro Gouveia;48096;48399;51318;2919
BA;29;20502;Maracás;24613;24701;27620;2919
PR;41;21406;Realeza;16338;16338;19247;2909
AM;13;01951;Itamarati;8038;8038;10937;2899
RO;11;00338;Nova Mamoré;22546;22546;25444;2898
PR;41;11902;Jaguapitã;12225;12225;15122;2897
PA;15;05106;Óbidos;49333;49333;52229;2896
RJ;33;06305;Volta Redonda;257803;258669;261563;2894
RN;24;04507;Guamaré;12404;12404;15295;2891
MG;31;43401;Monte Sião;21203;21203;24089;2886
MG;31;59605;Santa Rita do Sapucaí;37754;37754;40635;2881
SP;35;12209;Conchal;25229;25229;28101;2872
AC;12;00351;Marechal Thaumaturgo;14227;14227;17093;2866
SE;28;07402;Tobias Barreto;48040;48040;50905;2865
GO;52;08400;Goianápolis;10695;11104;13967;2863
RS;43;13300;Nova Prata;22830;22830;25692;2862
RS;43;22509;Vacaria;61342;61342;64197;2855
PE;26;14857;Tamandaré;20715;20715;23561;2846
PR;41;24020;Santa Tereza do Oeste;10332;10332;13174;2842
MG;31;36306;João Pinheiro;45260;43962;46801;2839
MG;31;59803;Santa Vitória;18138;18138;20973;2835
MT;51;00607;Alto Taquari;8072;8072;10904;2832
BA;29;30154;Serra do Ramalho;31638;31391;34222;2831
CE;23;05506;Iguatu;96495;95243;98064;2821
RS;43;22608;Venâncio Aires;65946;65953;68763;2810
RN;24;13359;Serra do Mel;10287;10287;13091;2804
BA;29;03904;Bom Jesus da Lapa;63480;62771;65550;2779
MG;31;56908;Sacramento;23896;23896;26670;2774
RJ;33;00506;Bom Jardim;25333;25333;28102;2769
GO;52;03559;Bonfinópolis;7536;7531;10296;2765
CE;23;12304;São Benedito;44178;44875;47640;2765
PI;22;01150;Baixa Grande do Ribeiro;10516;10516;13272;2756
MG;31;34905;Jacutinga;22772;22772;25525;2753
MG;31;49804;Perdizes;14404;14404;17151;2747
PR;41;10078;Imbaú;11274;11503;14249;2746
TO;17;20200;São Miguel do Tocantins;10481;10497;13241;2744
PA;15;07706;São Sebastião da Boa Vista;22904;22904;25643;2739
RN;24;09407;Pau dos Ferros;27745;27745;30479;2734
RN;24;01453;Baraúna;24182;24182;26913;2731
RS;43;22707;Vera Cruz;23983;23983;26710;2727
PR;41;22701;Sabáudia;6096;6096;8822;2726
BA;29;12707;Ibirapitanga;22598;22618;25344;2726
PA;15;03101;Gurupá;29062;29062;31786;2724
PA;15;00305;Afuá;35042;35042;37765;2723
SP;35;46801;Santa Isabel;50453;50453;53174;2721
BA;29;23357;Ourolândia;16425;16522;19243;2721
MG;31;69307;Três Corações;72765;72765;75485;2720
MS;50;04502;Itaporã;20865;21418;24137;2719
BA;29;26608;Ribeira do Pombal;47518;51293;54010;2717
RS;43;20404;Serafina Corrêa;14253;14253;16961;2708
MG;31;40159;Mário Campos;13192;13192;15900;2708
MT;51;00409;Alto Garças;10350;10345;13052;2707
PA;15;01576;Bom Jesus do Tocantins;15298;15298;18005;2707
BA;29;00801;Alcobaça;21271;21823;24530;2707
MT;51;04526;Ipiranga do Norte;5123;5113;7815;2702
MT;51;04807;Jaciara;25647;25882;28569;2687
GO;52;19738;Santo Antônio de Goiás;4703;4703;7386;2683
RS;43;19901;Sapiranga;74985;72968;75648;2680
PB;25;08901;Mamanguape;42303;41920;44599;2679
MG;31;68606;Teófilo Otoni;134745;134745;137418;2673
MA;21;02200;Buriti;27013;27013;29685;2672
ES;32;05010;Sooretama;23843;23843;26502;2659
PE;26;07604;Ilha de Itamaracá;21884;21884;24540;2656
BA;29;05909;Campo Alegre de Lourdes;28090;28021;30671;2650
MG;31;55504;Rio Paranaíba;11885;11885;14532;2647
AC;12;00328;Jordão;6577;6577;9222;2645
AM;13;00144;Apuí;18007;18007;20647;2640
SP;35;39103;Pirapora do Bom Jesus;15733;15733;18370;2637
SC;42;09904;Lontras;10244;10244;12873;2629
GO;52;10901;Itapaci;18458;18458;21087;2629
AL;27;02355;Craíbas;22641;22785;25397;2612
BA;29;33505;Wenceslau Guimarães;22189;21867;24474;2607
RJ;33;00456;Belford Roxo;469332;480487;483087;2600
SP;35;48005;Santo Antônio de Posse;20650;20650;23244;2594
PR;41;16208;Morretes;15718;15718;18309;2591
RN;24;14407;Touros;31089;30472;33035;2563
RJ;33;04144;Queimados;137962;137962;140523;2561
CE;23;04350;Forquilha;21786;21614;24173;2559
RR;14;00209;Caracaraí;18398;18398;20957;2559
SE;28;05406;Poço Redondo;30880;30888;33439;2551
SC;42;06900;Ibirama;17330;17315;19862;2547
SC;42;03907;Capinzal;20769;20769;23314;2545
RR;14;00233;Caroebe;8114;8114;10656;2542
AM;13;04260;Uarini;11891;11891;14431;2540
MG;31;52808;Prata;25802;25802;28342;2540
MG;31;05400;Barão de Cocais;28442;28241;30778;2537
MA;21;08058;Paulino Neves;14519;14519;17056;2537
RJ;33;00803;Cachoeiras de Macacu;54273;54408;56943;2535
PR;41;12009;Jaguariaíva;32606;32606;35141;2535
RO;11;00809;Candeias do Jamari;19779;19779;22310;2531
PE;26;13206;São João;21312;21312;23837;2525
SP;35;46405;Santa Cruz do Rio Pardo;43921;43921;46442;2521
PI;22;07009;Oeiras;35640;35640;38161;2521
CE;23;11801;Russas;69833;70408;72928;2520
MA;21;04552;Governador Edison Lobão;15895;15895;18411;2516
TO;17;16505;Pedro Afonso;11539;11539;14055;2516
PE;26;15805;Tupanatinga;24425;24425;26937;2512
SC;42;17006;São Ludgero;10993;10998;13509;2511
CE;23;08005;Massapê;35191;35190;37697;2507
AM;13;01407;Eirunepé;30665;30665;33170;2505
CE;23;04459;Fortim;14817;14791;17294;2503
MA;21;00055;Açailândia;104047;104047;106550;2503
AM;13;00839;Caapiranga;10975;10975;13469;2494
AL;27;06448;Paripueira;11347;11347;13835;2488
RS;43;04705;Carazinho;59317;59317;61804;2487
SC;42;15455;Sangão;10400;10400;12882;2482
PB;25;10808;Patos;100674;100693;103165;2472
PR;41;10953;Itaipulândia;9026;9026;11485;2459
SP;35;25300;Jaú;131040;131040;133497;2457
MT;51;06372;Pedra Preta;15755;15610;18066;2456
RS;43;09407;Guaporé;22814;22814;25268;2454
RS;43;06809;Encantado;20510;20513;22962;2449
SC;42;18509;Treze Tílias;6341;6341;8787;2446
PA;15;01006;Aveiro;15849;15849;18290;2441
BA;29;25105;Poções;44701;45855;48293;2438
SP;35;21903;Itajobi;14556;14556;16989;2433
CE;23;04509;Frecheirinha;12991;13227;15657;2430
SC;42;10605;Massaranduba;14674;14736;17162;2426
PR;41;19103;Piên;11236;11236;13655;2419
MG;31;32404;Itajubá;90658;90658;93073;2415
SC;42;11207;Morro da Fumaça;16126;16126;18537;2411
BA;29;25253;Ponto Novo;15742;15529;17938;2409
GO;52;22005;Vianópolis;12548;12548;14956;2408
MG;31;21258;Delta;8089;8089;10494;2405
MT;51;08501;Vera;10235;10402;12800;2398
MG;31;57203;Santa Bárbara;27876;28077;30466;2389
BA;29;05404;Cairu;15374;15374;17761;2387
SC;42;10100;Mafra;52912;52912;55286;2374
PB;25;11202;Pedras de Fogo;27032;27289;29662;2373
MA;21;09007;Porto Franco;21530;21530;23903;2373
PR;41;15606;Matelândia;16078;16078;18450;2372
SC;42;12304;Paulo Lopes;6692;6692;9063;2371
CE;23;10258;Paraipaba;30041;29849;32216;2367
AM;13;03304;Novo Aripuanã;21451;21451;23818;2367
MT;51;06240;Nova Ubiratã;9218;9175;11530;2355
MT;51;03858;Gaúcha do Norte;6293;6292;8642;2350
MG;31;03751;Araporã;6144;6144;8479;2335
PR;41;17255;Nova Prata do Iguaçu;10377;10377;12699;2322
SP;35;27207;Lorena;82537;82537;84855;2318
SP;35;07902;Brotas;21580;21580;23898;2318
SC;42;13708;Pouso Redondo;14810;14810;17123;2313
PR;41;01002;Ampére;17308;17308;19620;2312
PR;41;03107;Bocaiúva do Sul;10987;10987;13299;2312
MA;21;11532;São Pedro da Água Branca;12028;12028;14338;2310
MG;31;24005;Ervália;17946;17946;20255;2309
SC;42;03956;Capivari de Baixo;21674;21674;23975;2301
SP;35;07100;Bom Jesus dos Perdões;19708;19708;22006;2298
PR;41;28203;União da Vitória;52735;52735;55033;2298
SP;35;21150;Ipiguá;4463;4463;6761;2298
SC;42;04806;Curitibanos;37748;37748;40045;2297
BA;29;11204;Gandu;30336;29887;32178;2291
MT;51;05507;Vila Bela da Santíssima Trindade;14493;14493;16774;2281
MA;21;07605;Palmeirândia;18764;18780;21059;2279
BA;29;19504;Livramento de Nossa Senhora;42693;41625;43903;2278
RS;43;10009;Ibirubá;19310;19310;21583;2273
SC;42;11702;Orleans;21393;21393;23661;2268
RN;24;07807;Monte Alegre;20685;20763;23031;2268
MT;51;04542;Itanhangá;5276;5276;7539;2263
BA;29;27101;Rodelas;7775;8056;10308;2252
PE;26;03207;Caetés;26577;26577;28827;2250
SP;35;29302;Matão;76786;76786;79033;2247
BA;29;18357;João Dourado;22549;22609;24854;2245
BA;29;24405;Pilão Arcado;32860;33118;35357;2239
MG;31;51206;Pirapora;53368;53368;55606;2238
SC;42;03808;Canoinhas;52765;52779;55016;2237
PI;22;05706;Luís Correia;28406;28406;30641;2235
MA;21;02903;Carutapera;22006;22006;24238;2232
PE;26;13503;São José do Belmonte;32617;32617;34843;2226
PR;41;03800;Cambira;7236;7236;9460;2224
BA;29;30766;Sítio do Quinto;12592;12553;14773;2220
SC;42;03709;Canelinha;10603;10603;12821;2218
SP;35;14403;Dracena;43258;43258;45474;2216
SP;35;43303;Ribeirão Pires;113068;113354;115559;2205
MS;50;07109;Ribas do Rio Pardo;20946;20946;23150;2204
MG;31;12802;Capitólio;8183;8183;10380;2197
MA;21;00832;Apicum-Açu;14959;15323;17519;2196
PI;22;06720;Nazária;8068;8068;10262;2194
MG;31;07901;Bom Repouso;10457;10457;12649;2192
BA;29;21005;Mata de São João;40183;40375;42566;2191
RS;43;04663;Capão do Leão;24298;24298;26487;2189
ES;32;01407;Castelo;34747;34747;36930;2183
MG;31;24401;Espírito Santo do Dourado;4429;4429;6611;2182
SE;28;01207;Canindé de São Francisco;24686;24654;26834;2180
SP;35;01905;Amparo;65829;65829;68008;2179
PA;15;08357;Vitória do Xingu;13431;13431;15607;2176
AM;13;04237;Tonantins;17079;17079;19247;2168
CE;23;02602;Camocim;60158;60158;62326;2168
CE;23;10704;Pentecoste;35400;35651;37813;2162
MG;31;13404;Caratinga;85239;85207;87360;2153
AC;12;00708;Xapuri;16091;16091;18243;2152
MS;50;05681;Mundo Novo;17043;17043;19193;2150
RJ;33;04151;Quissamã;20242;20253;22393;2140
AL;27;00508;Barra de Santo Antônio;14230;14230;16365;2135
MT;51;05101;Juara;32791;32781;34906;2125
SP;35;40507;Porangaba;8326;8326;10451;2125
RJ;33;02254;Itatiaia;28783;28783;30908;2125
SP;35;38204;Pinhalzinho;13105;13105;15224;2119
TO;17;09302;Guaraí;23200;22661;24775;2114
PB;25;06301;Guarabira;55326;55381;57484;2103
GO;52;15306;Orizona;14300;14300;16399;2099
PR;41;02307;Balsa Nova;11300;11300;13395;2095
SP;35;49953;São Lourenço da Serra;13973;13973;16067;2094
RR;14;00506;São João da Baliza;6769;6769;8858;2089
SC;42;04251;Cocal do Sul;15159;15159;17240;2081
MG;31;68002;Taiobeiras;30917;30970;33050;2080
PR;41;23501;Santa Helena;23413;23413;25492;2079
AP;16;00154;Pedra Branca do Amapari;10772;10772;12847;2075
MG;31;61908;São Gonçalo do Rio Abaixo;9777;9777;11850;2073
AL;27;06901;Pilar;33305;33305;35370;2065
SP;35;53807;Taquarituba;22291;22291;24350;2059
AM;13;01803;Ipixuna;22254;22254;24311;2057
SP;35;49409;São Joaquim da Barra;46512;46512;48558;2046
BA;29;16856;Itatim;14522;13691;15737;2046
MA;21;01251;Bacabeira;14925;14925;16966;2041
AC;12;00435;Santa Rosa do Purus;4691;4691;6723;2032
CE;23;08906;Morrinhos;20700;20723;22753;2030
CE;23;02305;Bela Cruz;30878;30745;32775;2030
AC;12;00054;Assis Brasil;6072;6072;8100;2028
GO;52;19308;Santa Helena de Goiás;36469;36467;38492;2025
PR;41;13502;Loanda;21201;21201;23225;2024
BA;29;23506;Palmeiras;8410;8316;10339;2023
PE;26;09907;Ouricuri;64358;63228;65245;2017
SP;35;18602;Guariba;35486;35486;37498;2012
CE;23;11108;Porteiras;15061;15048;17050;2002
PR;41;15408;Marmeleiro;13900;13900;15901;2001
SP;35;53955;Tarumã;12885;12885;14882;1997
BA;29;09901;Curaçá;32168;32191;34180;1989
ES;32;02652;Irupi;11723;11723;13710;1987
SP;35;46702;Santa Gertrudes;21634;21634;23611;1977
PA;15;08308;Viseu;56716;56716;58692;1976
SP;35;22406;Itapeva;87753;87753;89728;1975
SP;35;11003;Castilho;18003;18003;19977;1974
PE;26;08453;Lagoa do Carro;16007;16007;17981;1974
MT;51;06158;Nova Bandeirantes;11643;11662;13635;1973
BA;29;26004;Remanso;38957;38615;40586;1971
MT;51;01852;Bom Jesus do Araguaia;5314;5314;7280;1966
BA;29;01007;Amargosa;34351;34557;36521;1964
PR;41;00301;Agudos do Sul;8270;8270;10233;1963
GO;52;18003;Porangatu;42355;42355;44317;1962
RS;43;12658;Não-Me-Toque;15936;15936;17898;1962
RS;43;17103;Sant'Ana do Livramento;82464;82464;84421;1957
SP;35;24501;Jaci;5657;5657;7613;1956
PR;41;04501;Capanema;18526;18526;20481;1955
MA;21;12233;Trizidela do Vale;18953;20529;22484;1955
GO;52;13756;Montividiu;10572;10567;12521;1954
BA;29;24306;Piatã;17982;18133;20086;1953
PI;22;11308;Valença do Piauí;20326;20326;22279;1953
MA;21;01608;Barra do Corda;82830;82580;84532;1952
SP;35;32009;Morungaba;11769;11769;13720;1951
AM;13;02009;Itapiranga;8211;8211;10162;1951
BA;29;22003;Mucuri;36026;36026;37977;1951
MA;21;12803;Viana;49496;49496;51442;1946
MG;31;69703;Turmalina;18055;18055;20000;1945
MG;31;52006;Pompéu;29105;29105;31047;1942
MA;21;06409;Mata Roma;15150;15150;17090;1940
RS;43;04358;Candiota;8771;8771;10710;1939
SP;35;21408;Iracemápolis;20029;20029;21967;1938
RJ;33;02908;Miguel Pereira;24642;24646;26582;1936
SP;35;05906;Batatais;56476;56476;58402;1926
SC;42;09508;Laurentino;6004;6007;7932;1925
SP;35;14908;Elias Fausto;15775;15775;17699;1924
MG;31;43104;Monte Carmelo;45772;45772;47692;1920
CE;23;02107;Baturité;33321;33302;35218;1916
MA;21;06326;Maracaçumé;19155;19234;21149;1915
SP;35;10153;Canitar;4369;4369;6283;1914
PE;26;07307;Ipubi;28120;27097;29009;1912
MS;50;05202;Ladário;19617;19615;21522;1907
PR;41;16703;Nova Aurora;11866;11866;13765;1899
MG;31;53608;Prudente de Morais;9573;9573;11466;1893
SP;35;34757;Ouroeste;8405;8405;10294;1889
SP;35;17406;Guaíra;37404;37404;39279;1875
RS;43;13656;Palmares do Sul;10969;10969;12844;1875
PI;22;10003;São João do Piauí;19548;19548;21421;1873
PI;22;02901;Corrente;25407;25407;27278;1871
PA;15;02855;Curuá;12254;12254;14117;1863
AM;13;03007;Nhamundá;18278;18278;20136;1858
MS;50;07802;Selvíria;6287;6287;8142;1855
PE;26;13107;São Caitano;35274;35274;37126;1852
ES;32;00904;Barra de São Francisco;40649;40649;42498;1849
MG;31;69901;Ubá;101519;101519;103365;1846
MG;31;36900;Juruaia;9238;9238;11084;1846
RN;24;12500;São Miguel;22157;21693;23537;1844
PB;25;04306;Catolé do Rocha;28759;28818;30661;1843
SP;35;53005;Taguaí;10828;10828;12669;1841
GO;52;04854;Campo Limpo de Goiás;6241;6241;8081;1840
SC;42;15109;Rodeio;10922;10922;12757;1835
PE;26;14808;Tacaratu;22068;22068;23902;1834
PA;15;07979;Terra Santa;16949;16949;18782;1833
RJ;33;05158;São José do Vale do Rio Preto;20251;20251;22080;1829
SP;35;44004;Rio das Pedras;29501;29501;31328;1827
MA;21;03752;Davinópolis;12579;12579;14404;1825
MG;31;21605;Diamantina;45880;45880;47702;1822
PB;25;01500;Bananeiras;21851;21315;23134;1819
SC;42;06207;Gravatal;10635;10618;12435;1817
AC;12;00807;Porto Acre;14880;14880;16693;1813
PR;41;11209;Itapejara d'Oeste;10531;10531;12344;1813
SP;35;02200;Angatuba;22210;22210;24022;1812
MA;21;09908;Santa Inês;77282;83203;85014;1811
RS;43;16006;Rolante;19485;19448;21253;1805
SP;35;32405;Nazaré Paulista;16414;16414;18217;1803
BA;29;02708;Barra;49325;49291;51092;1801
MG;31;56304;Rodeiro;6867;6867;8664;1797
MG;31;38625;Limeira do Oeste;6890;6890;8687;1797
PR;41;27205;Terra Boa;15776;15776;17568;1792
SP;35;08108;Buritama;15418;15418;17210;1792
MG;31;45000;Nova Ponte;12812;12812;14598;1786
BA;29;09802;Cruz das Almas;58606;58562;60348;1786
MG;31;12505;Capim Branco;8881;8881;10663;1782
PA;15;01451;Belterra;16318;16318;18099;1781
PI;22;10805;Simplício Mendes;12077;12089;13870;1781
AM;13;00029;Alvarães;14088;14088;15866;1778
SP;35;20202;Igaratá;8831;8831;10605;1774
MT;51;02504;Cáceres;87942;87907;89681;1774
RS;43;21956;Trindade do Sul;5787;5787;7556;1769
SE;28;03005;Itabaianinha;38910;38910;40678;1768
SP;35;24808;Jales;47012;47012;48776;1764
RS;43;13060;Nova Hartz;18346;18324;20088;1764
MA;21;09502;Riachão;20209;20387;22145;1758
MT;51;06422;Peixoto de Azevedo;30812;30963;32714;1751
SC;42;08104;Itaiópolis;20301;20301;22051;1750
SC;42;15653;Santa Rosa do Sul;8054;8043;9792;1749
ES;32;04351;Rio Bananal;17530;17530;19274;1744
MG;31;37502;Lagoa Formosa;17161;17161;18904;1743
CE;23;01950;Barreira;19573;20653;22392;1739
GO;52;15504;Ouvidor;5467;5467;7200;1733
SP;35;33502;Novo Horizonte;36593;36593;38324;1731
SP;35;53856;Taquarivaí;5151;5151;6876;1725
BA;29;02906;Barra do Choça;34788;34817;36539;1722
SP;35;26001;Junqueirópolis;18726;18726;20448;1722
PR;41;17701;Palmeira;32123;32133;33855;1722
PR;41;07256;Douradina;7445;7445;9161;1716
MA;21;07209;Nina Rodrigues;12464;12464;14176;1712
SP;35;56354;Vargem;8801;8801;10512;1711
BA;29;14406;Iraquara;22601;22170;23879;1709
RS;43;22004;Triunfo;25793;25793;27498;1705
TO;17;20804;Sítio Novo do Tocantins;9148;9132;10830;1698
PR;41;08320;Francisco Alves;6418;6418;8116;1698
PB;25;08307;Lagoa Seca;25900;26033;27730;1697
GO;52;07907;Flores de Goiás;12066;12048;13744;1696
RN;24;11056;Tibau;3687;3687;5382;1695
BA;29;30402;Serra Preta;15401;16304;17996;1692
SP;35;08009;Buri;18563;18563;20250;1687
PR;41;21802;Ribeirão Claro;10678;10678;12364;1686
SP;35;13207;Cristais Paulista;7588;7588;9272;1684
SC;42;17501;Seara;16936;16936;18620;1684
MA;21;01731;Belágua;6524;6782;8460;1678
PR;41;18907;Pérola;10208;10208;11878;1670
PE;26;11002;Petrolândia;32492;32492;34161;1669
SC;42;00200;Agrolândia;9323;9323;10990;1667
SP;35;56305;Valparaíso;22576;22576;24241;1665
PA;15;02772;Curionópolis;18288;18288;19950;1662
PR;41;24103;Santo Antônio da Platina;42707;42707;44369;1662
GO;52;03203;Barro Alto;8716;8716;10371;1655
SP;35;42404;Regente Feijó;18494;18494;20145;1651
SP;35;34906;Pacaembu;13226;13226;14877;1651
SC;42;16404;São João do Sul;7002;7018;8668;1650
RS;43;12708;Nonoai;12074;12074;13719;1645
MT;51;01902;Brasnorte;15357;15361;17004;1643
GO;52;18607;Rialma;10523;10523;12165;1642
SP;35;19253;Iaras;6376;6376;8010;1634
MA;21;04081;Fernando Falcão;9241;9241;10873;1632
CE;23;04707;Granja;52645;51717;53344;1627
PE;26;08305;Jupi;13705;13705;15329;1624
MG;31;29301;Iapu;10315;10407;12030;1623
PI;22;02703;Cocal;26036;26591;28212;1621
SC;42;18301;Três Barras;18129;18129;19746;1617
SP;35;36406;Paulicéia;6339;6339;7955;1616
AP;16;00204;Calçoene;9000;9000;10612;1612
MG;31;07307;Bocaiúva;46654;46421;48032;1611
MS;50;03801;Fátima do Sul;19035;19009;20609;1600
PE;26;11309;Pombos;24046;25953;27552;1599
PA;15;06609;Santa Maria do Pará;23026;23026;24624;1598
MT;51;03502;Diamantino;20341;20343;21941;1598
MG;31;11408;Campo Florido;6870;6870;8466;1596
AC;12;00179;Capixaba;8798;8798;10392;1594
ES;32;00805;Baixo Guandu;29081;29081;30674;1593
MG;31;62708;São João do Paraíso;22319;22319;23910;1591
CE;23;06108;Irauçuba;22324;22324;23915;1591
RN;24;06502;Lagoa Nova;13983;13983;15573;1590
SP;35;13108;Cravinhos;31691;31691;33281;1590
MG;31;01706;Almenara;38775;38775;40364;1589
MA;21;08256;Pedro do Rosário;22732;22732;24320;1588
SP;35;35804;Paranapanema;17808;17808;19395;1587
SP;35;55109;Tupi Paulista;14269;14269;15854;1585
PR;41;06506;Coronel Vivida;21749;21749;23331;1582
SP;35;00550;Águas de Santa Bárbara;5601;5601;7177;1576
BA;29;21906;Mucugê;10545;10563;12137;1574
MG;31;22009;Divino;19133;19133;20706;1573
SP;35;36109;Pardinho;5582;5582;7153;1571
MG;31;30200;Igaratinga;9264;9264;10830;1566
RS;43;20107;Sarandi;21285;21285;22851;1566
RS;43;07807;Estrela;30619;30619;32183;1564
MG;31;21209;Delfinópolis;6830;6830;8393;1563
GO;52;00555;Alto Horizonte;4505;4510;6072;1562
AC;12;00393;Porto Walter;9176;9176;10735;1559
RJ;33;03955;Pinheiral;22719;22740;24298;1558
CE;23;08203;Meruoca;13693;13599;15157;1558
SP;35;37107;Pedreira;41558;41558;43112;1554
MG;31;16159;Chapada Gaúcha;10805;10805;12355;1550
AM;13;03908;São Paulo de Olivença;31422;31422;32967;1545
MG;31;47402;Paraopeba;22563;22563;24107;1544
PA;15;05403;Ourém;16311;16311;17855;1544
MT;51;00300;Alto Araguaia;15644;15649;17193;1544
SP;35;33205;Nova Independência;3068;3068;4609;1541
MS;50;00856;Angélica;9185;9191;10729;1538
SC;42;11504;Nova Trento;12190;12190;13727;1537
MT;51;06653;Pontal do Araguaia;5395;5395;6932;1537
AM;13;04302;Urucará;17094;17094;18631;1537
PR;41;23006;Salto do Lontra;13689;13689;15223;1534
TO;17;02554;Augustinópolis;15950;15950;17484;1534
BA;29;10859;Filadélfia;16740;16364;17897;1533
AM;13;02108;Japurá;7326;7326;8858;1532
MS;50;03454;Deodápolis;12139;12133;13663;1530
BA;29;27309;Salinas da Margarida;13456;13463;14987;1524
BA;29;17706;Jaguarari;30343;31184;32703;1519
SP;35;29500;Mendonça;4640;4640;6159;1519
RN;24;11205;Santa Cruz;35797;35797;37313;1516
SP;35;36307;Patrocínio Paulista;13000;13000;14512;1512
PI;22;08304;Piracuruca;27553;27339;28846;1507
ES;32;02306;Guaçuí;27851;27851;29358;1507
GO;52;04706;Campinorte;11111;11003;12510;1507
PR;41;12751;Jesuítas;9001;9001;10506;1505
SP;35;12902;Cosmorama;7214;7214;8719;1505
PR;41;18857;Perobal;5653;5691;7189;1498
SP;35;10401;Capivari;48576;48576;50068;1492
MA;21;01509;Barão de Grajaú;17841;17493;18984;1491
SP;35;51405;Serra Azul;11256;11256;12746;1490
BA;29;09307;Correntina;31249;30970;32457;1487
PA;15;02608;Colares;11381;11381;12868;1487
SP;35;22901;Itapuí;12173;12173;13659;1486
SP;35;29401;Mauá;417064;416778;418261;1483
SE;28;07600;Umbaúba;22434;22434;23917;1483
AC;12;00013;Acrelândia;12538;12538;14021;1483
MG;31;28709;Guaxupé;49430;49430;50911;1481
AM;13;04104;Tapauá;19077;18120;19599;1479
MG;31;47204;Paraguaçu;20245;20245;21723;1478
PE;26;11705;Riacho das Almas;19162;19162;20639;1477
SP;35;31209;Monte Alegre do Sul;7152;7152;8627;1475
MG;31;32206;Itaguara;12372;12372;13846;1474
SP;35;08603;Cachoeira Paulista;30091;30091;31564;1473
GO;52;00100;Abadiânia;15757;15759;17232;1473
PR;41;18006;Paraíso do Norte;11772;11772;13245;1473
BA;29;27507;Santa Bárbara;19064;19479;20952;1473
RS;43;21907;Três Passos;23965;23965;25436;1471
PR;41;10102;Imbituva;28455;28455;29924;1469
AL;27;03601;Japaratinga;7754;7754;9219;1465
MG;31;44102;Muzambinho;20430;20430;21891;1461
PB;25;16201;Sousa;65803;65799;67259;1460
MG;31;67608;Simonésia;18298;18298;19750;1452
BA;29;31608;Teolândia;14836;13881;15332;1451
MG;31;69109;Toledo;5764;5764;7214;1450
SP;35;19303;Ibaté;30734;30734;32178;1444
BA;29;20452;Mansidão;12592;12476;13919;1443
MG;31;64407;São Sebastião da Bela Vista;4948;4948;6387;1439
SP;35;04800;Bálsamo;8160;8160;9596;1436
GO;52;03906;Buriti Alegre;9054;9059;10495;1436
PB;25;13901;São Bento;30879;30801;32235;1434
MT;51;05622;Mirassol d'Oeste;25299;25352;26785;1433
PR;41;13304;Laranjeiras do Sul;30777;30801;32227;1426
SP;35;32207;Narandiba;4288;4288;5713;1425
PB;25;09701;Monteiro;30852;30852;32277;1425
MA;21;05153;Igarapé do Meio;12550;12550;13974;1424
MG;31;50158;Piedade de Caratinga;7110;7110;8529;1419
RJ;33;04805;São Fidélis;37543;37543;38961;1418
SC;42;04509;Corupá;13852;13852;15267;1415
MG;31;17876;Confins;5936;5936;7350;1414
MG;31;26000;Florestal;6600;6632;8045;1413
SC;42;10407;Maracajá;6404;6404;7815;1411
PR;41;05409;Chopinzinho;19679;19679;21085;1406
RS;43;08102;Feliz;12359;12359;13764;1405
MA;21;01772;Bela Vista do Maranhão;12049;10349;11750;1401
SE;28;01009;Campo do Brito;16749;16749;18149;1400
GO;52;22054;Vicentinópolis;7371;7373;8768;1395
MG;31;69406;Três Pontas;53860;53860;55255;1395
PR;41;08809;Guaíra;30704;30704;32097;1393
MG;31;40506;Martinho Campos;12611;12611;14003;1392
SP;35;30508;Mococa;66290;66290;67681;1391
PB;25;09057;Marcação;7609;7609;8999;1390
PB;25;07101;Itapororoca;16997;16997;18382;1385
TO;17;18303;Praia Norte;7659;7659;9044;1385
MG;31;57906;Santa Margarida;15011;15011;16395;1384
GO;52;21197;Terezópolis de Goiás;6561;6561;7944;1383
MT;51;06778;Porto Alegre do Norte;10748;10748;12127;1379
SP;35;54904;Três Fronteiras;5427;5427;6804;1377
RJ;33;05802;Teresópolis;163746;163746;165123;1377
MG;31;51404;Pitangui;25311;25311;26685;1374
MG;31;61809;São Gonçalo do Pará;10398;10398;11770;1372
PB;25;04033;Capim;5601;5601;6970;1369
PB;25;12408;Puxinanã;12923;12911;14277;1366
GO;52;04805;Campo Alegre de Goiás;6060;6060;7422;1362
PR;41;27403;Terra Roxa;16759;16759;18119;1360
MA;21;11573;São Pedro dos Crentes;4425;4425;5783;1358
PR;41;10003;Iguaraçu;3982;3982;5338;1356
RS;43;02352;Bom Princípio;11789;11789;13142;1353
AL;27;08006;Santana do Ipanema;44932;44867;46220;1353
AM;13;00060;Amaturá;9467;9467;10819;1352
MG;31;31208;Ipanema;18170;18170;19522;1352
MG;31;19302;Coromandel;27547;27547;28894;1347
GO;52;14002;Mozarlândia;13404;13404;14750;1346
RS;43;18200;São Francisco de Paula;20537;20551;21893;1342
SP;35;51108;Sarapuí;9027;9027;10369;1342
SP;35;06102;Bebedouro;75035;75035;76373;1338
GO;52;15009;Nova Veneza;8129;8145;9481;1336
GO;52;05406;Ceres;20722;20712;22046;1334
AP;16;00253;Itaubal;4265;4265;5599;1334
PI;22;06696;Murici dos Portelas;8464;8464;9797;1333
PE;26;10301;Paranatama;11001;10866;12199;1333
MG;31;07109;Boa Esperança;38516;38516;39848;1332
RN;24;01008;Apodi;34763;34763;36093;1330
CE;23;08377;Miraíma;12800;12866;14196;1330
SP;35;14601;Dumont;8143;8143;9471;1328
PE;26;08750;Lagoa Grande;22760;22760;24088;1328
RR;14;00282;Iracema;8696;8696;10023;1327
PA;15;07607;São Miguel do Guamá;51567;51567;52894;1327
SP;35;15400;Fartura;15320;15320;16641;1321
MG;31;60405;Santo Antônio do Monte;25975;25975;27295;1320
AL;27;08709;São Miguel dos Milagres;7163;7163;8482;1319
MG;31;03900;Araújos;7883;7883;9199;1316
MG;31;01003;Águas Vermelhas;12722;12722;14037;1315
PE;26;00500;Águas Belas;40235;40235;41548;1313
MG;31;62450;São João das Missões;11715;11715;13024;1309
PR;41;21208;Quitandinha;17089;17089;18398;1309
GO;52;06404;Crixás;15760;15760;17065;1305
PI;22;07801;Paulistana;19785;19753;21055;1302
GO;52;00134;Acreúna;20279;20268;21568;1300
MG;31;49903;Perdões;20087;20087;21384;1297
RS;43;19505;São Sebastião do Caí;21932;23134;24428;1294
MG;31;09303;Buritis;22737;22737;24030;1293
MG;31;59001;Santana do Riacho;4023;4023;5313;1290
MT;51;07248;Santa Carmem;4085;4085;5374;1289
BA;29;24678;Piraí do Norte;9799;9685;10974;1289
PR;41;24806;São João;10599;10599;11886;1287
MA;21;02374;Cachoeira Grande;8446;8446;9732;1286
SP;35;37503;Pereiras;7454;7454;8737;1283
MG;31;69604;Tupaciguara;24188;24188;25470;1282
MA;21;03000;Caxias;155129;155692;156973;1281
PB;25;04900;Cruz do Espírito Santo;16257;15815;17095;1280
MG;31;54150;Reduto;6569;6569;7848;1279
SC;42;10001;Luiz Alves;10438;10405;11684;1279
AC;12;00450;Senador Guiomard;20179;20179;21454;1275
RJ;33;06008;Três Rios;77432;77075;78346;1271
PR;41;26801;Tapejara;14598;14598;15869;1271
SC;42;17303;Saudades;9016;8994;10265;1271
SC;42;08401;Itapiranga;15409;15371;16638;1267
GO;52;12303;Leopoldo de Bulhões;7882;7479;8745;1266
ES;32;03007;Iúna;27328;27328;28590;1262
SC;42;00309;Agronômica;4904;4794;6055;1261
RJ;33;04003;Piraí;26314;26214;27474;1260
MS;50;01102;Aquidauana;45614;45543;46803;1260
RO;11;00189;Pimenta Bueno;33822;33822;35079;1257
GO;52;12709;Mambaí;6871;6867;8124;1257
SP;35;00758;Alambari;4884;4884;6141;1257
PR;41;11803;Jacarezinho;39121;39121;40375;1254
PB;25;01401;Baía da Traição;8012;7971;9224;1253
MG;31;30507;Ilicínea;11488;11488;12741;1253
MG;31;66808;Serra do Salitre;10549;10549;11801;1252
SP;35;57303;Estiva Gerbi;10044;10044;11295;1251
SP;35;40705;Porto Ferreira;51400;51400;52649;1249
MG;31;24203;Espera Feliz;22856;22856;24102;1246
PE;26;14600;Tabira;26427;26436;27681;1245
BA;29;30204;Sento Sé;37425;36909;38154;1245
MG;31;22454;Divisópolis;8974;8974;10213;1239
MG;31;40555;Mata Verde;7874;7874;9112;1238
MA;21;05476;Jenipapo dos Vieiras;15440;15839;17076;1237
AL;27;06307;Palmeira dos Índios;70368;70341;71574;1233
SP;35;44301;Roseira;9599;9599;10832;1233
SC;42;01901;Aurora;5549;5551;6780;1229
MG;31;37700;Lajinha;19609;19609;20835;1226
SE;28;00506;Areia Branca;16857;16857;18081;1224
SP;35;56909;Vista Alegre do Alto;6886;6886;8109;1223
MG;31;40530;Martins Soares;7173;7173;8396;1223
MG;31;72004;Visconde do Rio Branco;37942;37942;39160;1218
MG;31;09907;Caetanópolis;10218;10218;11435;1217
PB;25;12903;Rio Tinto;22976;23366;24581;1215
MG;31;28907;Guimarânia;7265;7265;8478;1213
CE;23;09201;Nova Olinda;14256;14186;15399;1213
SP;35;37909;Pilar do Sul;26406;26406;27619;1213
SP;35;01004;Altinópolis;15607;15607;16818;1211
RS;43;22806;Veranópolis;22810;22810;24021;1211
SP;35;53401;Tanabi;24055;24055;25265;1210
SP;35;15202;Estrela d'Oeste;8208;8208;9417;1209
PR;41;12801;Joaquim Távora;10736;10736;11945;1209
MT;51;07180;Ribeirão Cascalheira;8881;8881;10089;1208
AM;13;03502;Pauini;18166;18166;19373;1207
SP;35;48609;São Bento do Sapucaí;10468;10468;11674;1206
PA;15;07904;Soure;23001;23001;24204;1203
AL;27;02603;Feira Grande;21321;21513;22712;1199
MA;21;11607;São Raimundo das Mangabeiras;17474;17474;18672;1198
SC;42;00606;Águas Mornas;5548;5548;6743;1195
MG;31;43807;Munhoz;6257;6257;7451;1194
RS;43;16758;Santa Clara do Sul;5697;5697;6887;1190
RS;43;21808;Três de Maio;23726;23726;24916;1190
SC;42;18806;Turvo;11854;11855;13043;1188
GO;52;17708;Pontalina;17121;17121;18309;1188
MA;21;03505;Colinas;39132;39132;40316;1184
GO;52;04557;Caldazinha;3325;3331;4507;1176
MG;31;54804;Rio Acima;9090;9087;10261;1174
SC;42;09151;José Boiteux;4721;4812;5985;1173
SP;35;21804;Itaí;24008;24008;25180;1172
MT;51;06174;Nova Nazaré;3029;3029;4200;1171
MT;51;06182;Nova Lacerda;5436;5500;6670;1170
RN;24;10306;Serra Caiada;8768;8960;10125;1165
PB;25;15302;Sapé;50143;50143;51306;1163
BA;29;18506;Jussara;15052;15194;16354;1160
PR;41;06308;Corbélia;16312;16312;17470;1158
PB;25;00403;Alagoa Nova;19681;19856;21013;1157
MG;31;45877;Orizânia;7284;7284;8437;1153
PE;26;10806;Pedra;20944;21644;22795;1151
RS;43;20008;Sapucaia do Sul;130957;130957;132107;1150
CE;23;10902;Piquet Carneiro;15467;15469;16616;1147
CE;23;11959;Salitre;15453;15487;16633;1146
RN;24;08904;Parelhas;20354;20354;21499;1145
PB;25;09206;Massaranduba;12902;12994;14139;1145
MG;31;30408;Ijaci;5859;5859;7003;1144
RS;43;01602;Bagé;116794;116794;117938;1144
PE;26;12604;Santa Maria da Boa Vista;39435;39435;40578;1143
PA;15;08035;Tracuateua;27455;27455;28595;1140
PR;41;12108;Jandaia do Sul;20269;20269;21408;1139
BA;29;19926;Madre de Deus;17376;17376;18504;1128
SC;42;16503;São Joaquim;24812;24812;25939;1127
PI;22;00202;Água Branca;16451;16451;17573;1122
PB;25;11509;Pilar;11191;11191;12311;1120
RS;43;09555;Harmonia;4254;4259;5378;1119
PA;15;05486;Pacajá;39979;39979;41097;1118
MG;31;67103;Serro;20835;20835;21952;1117
MG;31;23601;Elói Mendes;25220;25220;26336;1116
SP;35;12001;Colina;17371;17371;18486;1115
PR;41;25605;São Mateus do Sul;41257;41257;42366;1109
BA;29;30758;Sítio do Mato;12050;12300;13408;1108
SP;35;06607;Biritiba Mirim;28575;28575;29683;1108
CE;23;08351;Milhã;13086;13015;14123;1108
PB;25;13158;Santa Cecília;6658;6563;7670;1107
BA;29;17805;Jaguaripe;16467;16552;17659;1107
RS;43;22251;Tupandi;3924;3924;5029;1105
MG;31;51008;Piranguinho;8016;8016;9120;1104
SP;35;45159;Saltinho;7059;7059;8161;1102
BA;29;30808;Souto Soares;15899;15952;17054;1102
CE;23;07809;Marco;24703;24698;25799;1101
SP;35;53203;Taiúva;5447;5447;6548;1101
PE;26;00302;Agrestina;22679;22679;23779;1100
MS;50;00906;Antônio João;8208;8208;9303;1095
PR;41;17453;Ouro Verde do Oeste;5692;5692;6785;1093
MG;31;06408;Belo Vale;7536;7536;8627;1091
MG;31;04601;Astolfo Dutra;13049;13049;14138;1089
PE;26;00203;Afrânio;17586;17586;18674;1088
PE;26;01052;Araçoiaba;18156;18156;19243;1087
SC;42;01505;Armazém;7753;7753;8834;1081
PR;41;26272;Saudade do Iguaçu;5028;5028;6108;1080
PE;26;03108;Cachoeirinha;18819;18819;19899;1080
SP;35;37206;Pedro de Toledo;10204;10204;11281;1077
SC;42;17253;São Pedro de Alcântara;4704;4704;5776;1072
MG;31;38609;Lima Duarte;16149;16149;17221;1072
SC;42;16057;São Cristóvão do Sul;5012;5012;6084;1072
PR;41;14500;Manoel Ribas;13169;13169;14240;1071
PE;26;08909;Limoeiro;55439;55439;56510;1071
SC;42;00705;Alfredo Wagner;9410;9410;10481;1071
PB;25;16300;Sumé;16060;16096;17166;1070
ES;32;01159;Brejetuba;11915;11915;12985;1070
SC;42;12205;Papanduva;17928;18080;19150;1070
MA;21;03158;Centro do Guilherme;12565;11273;12342;1069
MA;21;02606;Cândido Mendes;18505;18864;19932;1068
MA;21;12001;Tasso Fragoso;7796;7796;8862;1066
MG;31;47303;Paraisópolis;19379;19379;20445;1066
PR;41;01705;Araruna;13419;13419;14485;1066
RN;24;05801;João Câmara;32227;32227;33290;1063
MG;31;33105;Itanhandu;14175;14175;15236;1061
SP;35;05807;Bastos;20445;20445;21503;1058
BA;29;30105;Senhor do Bonfim;74419;73466;74523;1057
MT;51;02603;Campinápolis;14305;14291;15347;1056
PR;41;20705;Quatiguá;7045;7045;8099;1054
RS;43;20206;Seberi;10897;10897;11950;1053
MG;31;57005;Salinas;39178;39125;40178;1053
ES;32;03502;Montanha;17849;17849;18900;1051
SC;42;17808;Taió;17260;17260;18310;1050
GO;52;17104;Piracanjuba;24026;23834;24883;1049
SP;35;24907;Jambeiro;5349;5349;6397;1048
SP;35;25508;Joanópolis;11768;11768;12815;1047
TO;17;20101;São Bento do Tocantins;4608;4608;5654;1046
MG;31;19401;Coronel Fabriciano;103694;103694;104736;1042
BA;29;08101;Cocos;18153;18111;19151;1040
AP;16;00535;Porto Grande;16809;16809;17848;1039
AM;13;03205;Novo Airão;14723;14723;15761;1038
TO;17;08254;Tabocão;2419;2419;3455;1036
MG;31;70750;Varjão de Minas;6054;5934;6969;1035
CE;23;09102;Mulungu;11485;9534;10569;1035
SP;35;42008;Quintana;6004;6004;7038;1034
SP;35;56008;Urupês;12714;12714;13744;1030
ES;32;03353;Marilândia;11107;11358;12387;1029
SC;42;16354;São João do Itaperiú;3435;3435;4463;1028
RS;43;16600;Sananduva;15373;15373;16399;1026
RO;11;00924;Chupinguaia;8301;8301;9324;1023
SP;35;16101;Florínea;2829;2829;3851;1022
RS;43;11627;Lindolfo Collor;5227;5227;6248;1021
BA;29;29602;Sapeaçu;16585;16943;17963;1020
SP;35;23503;Itatinga;18052;18052;19070;1018
MG;31;62948;São José da Barra;6778;6778;7793;1015
PE;26;14709;Tacaimbó;12725;12725;13738;1013
MG;31;45109;Nova Resende;15374;15374;16387;1013
SE;28;01702;Cristinápolis;16519;16087;17100;1013
SC;42;04004;Catanduvas;9555;9555;10566;1011
SP;35;26407;Laranjal Paulista;25251;25251;26261;1010
SC;42;04350;Cordilheira Alta;3767;3771;4781;1010
MA;21;10658;São Domingos do Azeitão;6983;6983;7992;1009
SC;42;13807;Praia Grande;7267;7262;8270;1008
BA;29;25808;Queimadas;24602;24986;25988;1002
RS;43;12153;Mato Leitão;3865;3858;4859;1001
MG;31;62559;São João do Manhuaçu;10245;10245;11246;1001
RS;43;01107;Arroio dos Ratos;13606;13606;14601;995
SP;35;40754;Potim;19397;19397;20392;995
PE;26;12703;Santa Maria do Cambucá;13021;13021;14013;992
ES;32;02207;Fundão;17025;17025;18014;989
TO;17;02901;Axixá do Tocantins;9275;9275;10262;987
MG;31;65578;Senador Amaral;5219;5219;6206;987
SP;35;44806;Sales;5451;5451;6437;986
BA;29;28406;Santa Rita de Cássia;26250;26404;27390;986
MT;51;06299;Paranaíta;10684;10686;11671;985
MA;21;01004;Arari;28488;28488;29472;984
SC;42;13104;Piratuba;4786;4786;5769;983
GO;52;05901;Corumbaíba;8181;8181;9164;983
MG;31;28006;Guanhães;31262;31262;32244;982
RS;43;19000;São Marcos;20103;20103;21084;981
CE;23;13609;Ubajara;31787;31787;32767;980
SP;35;27603;Luís Antônio;11286;11286;12265;979
MG;31;68903;Tiros;6906;6906;7883;977
MG;31;70057;Ubaporanga;12040;12040;13017;977
PB;25;11301;Piancó;15465;15465;16441;976
SC;42;11751;Otacílio Costa;16337;16337;17312;975
MG;31;44003;Mutum;26661;26661;27635;974
MG;31;39805;Mar de Espanha;11749;11749;12721;972
SP;35;44509;Rubinéia;2862;2862;3833;971
AM;13;03957;São Sebastião do Uatumã;10705;10705;11670;965
MS;50;01508;Bandeirantes;6609;6977;7940;963
MS;50;06275;Paraíso das Águas;0;4548;5510;962
GO;52;04102;Cachoeira Alta;10553;10552;11513;961
SP;35;38808;Piraju;28475;28475;29436;961
ES;32;04609;Santa Teresa;21823;21851;22808;957
MG;31;14501;Carmópolis de Minas;17048;17048;18003;955
RS;43;12807;Nova Araçá;4001;4001;4954;953
BA;29;23001;Nova Viçosa;38556;38556;39509;953
BA;29;12806;Ibirapuã;7956;7948;8896;948
PI;22;05581;Lagoa do Piauí;3863;3863;4810;947
CE;23;02800;Canindé;74473;73228;74174;946
PR;41;23402;Santa Fé;10432;10432;11378;946
SP;35;12803;Cosmópolis;58827;58827;59773;946
PA;15;06559;Santa Luzia do Pará;19424;19424;20370;946
RN;24;12609;São Paulo do Potengi;15843;15843;16786;943
MT;51;03007;Chapada dos Guimarães;17821;18047;18990;943
RS;43;17905;Santo Cristo;14378;14378;15320;942
SC;42;04558;Correia Pinto;14785;14785;15727;942
AL;27;07503;Porto Real do Colégio;19334;19141;20082;941
PR;41;24509;Santo Inácio;5269;5241;6181;940
RS;43;22541;Vale Real;5118;5118;6058;940
SC;42;19853;Zortéa;2991;2991;3930;939
PR;41;23808;Santa Izabel do Oeste;13132;13132;14070;938
RN;24;10405;Pureza;8424;8424;9362;938
MG;31;53905;Raposos;15342;15342;16279;937
SP;35;34708;Ourinhos;103035;103035;103970;935
SC;42;07650;Iporã do Oeste;8409;8400;9335;935
RN;24;12559;São Miguel do Gostoso;8670;9287;10221;934
MG;31;21902;Divinésia;3293;3293;4226;933
SP;35;31308;Monte Alto;46642;46642;47574;932
SC;42;07684;Ipuaçu;6798;6798;7730;932
BA;29;14505;Irará;27466;27112;28043;931
PR;41;19608;Pitanga;32638;32638;33567;929
SP;35;32504;Neves Paulista;8772;8772;9699;927
BA;29;26301;Riachão do Jacuípe;33172;32463;33386;923
SP;35;55604;Uchoa;9471;9471;10394;923
BA;29;05008;Caculé;22236;21541;22462;921
SE;28;04201;Monte Alegre de Sergipe;13627;13415;14336;921
BA;29;07103;Carinhanha;28380;27948;28869;921
SP;35;41208;Presidente Bernardes;13570;13570;14490;920
RS;43;13805;Palmitinho;6920;6920;7839;919
CE;23;13559;Tururu;14408;14495;15412;917
SC;42;01703;Ascurra;7412;7403;8319;916
ES;32;04500;Santa Leopoldina;12240;12191;13106;915
SE;28;06206;Salgado;19365;19365;20279;914
PE;26;08255;Jucati;10604;10604;11517;913
SP;35;38600;Piracaia;25116;25116;26029;913
MG;31;40902;Matipó;17639;17639;18552;913
MG;31;20201;Cristais;11286;11286;12197;911
RS;43;15909;Rodeio Bonito;5743;5743;6654;911
PR;41;18451;Pato Bragado;4822;4822;5733;911
SP;35;26506;Lavínia;8779;8779;9689;910
RS;43;10108;Igrejinha;31660;31899;32808;909
CE;23;06603;Itatira;18894;19516;20424;908
BA;29;31004;Tanhaçu;20013;20105;21006;901
MG;31;68507;Teixeiras;11355;11355;12255;900
PA;15;05551;Pau D'Arco;6033;6033;6931;898
BA;29;31053;Tanque Novo;16128;16261;17158;897
MA;21;05963;Lagoa Grande do Maranhão;10517;10517;11411;894
SC;42;02701;Botuverá;4468;4470;5363;893
SP;35;00105;Adamantina;33797;33797;34687;890
RJ;33;04128;Quatis;12793;12793;13682;889
GO;52;14838;Nova Crixás;11927;11927;12815;888
SP;35;34005;Onda Verde;3884;3884;4771;887
PR;41;15853;Mercedes;5046;5046;5931;885
SE;28;01306;Capela;30761;30761;31645;884
SC;42;12650;Pescaria Brava;0;9307;10190;883
RS;43;18622;São José dos Ausentes;3290;3290;4172;882
MG;31;50703;Pirajuba;4656;4656;5537;881
SC;42;11405;Nova Erechim;4275;4275;5155;880
SP;35;28601;Manduri;8992;8992;9871;879
AM;13;00102;Anori;16317;16317;17194;877
GO;52;18904;Rubiataba;18915;18915;19788;873
PR;41;15358;Maripá;5684;5684;6555;871
BA;29;29057;São Félix do Coribe;13048;14326;15194;868
SP;35;56404;Vargem Grande do Sul;39266;39266;40133;867
AL;27;07404;Porto de Pedras;8429;8429;9295;866
MT;51;06281;Novo São Joaquim;6042;6054;6919;865
AP;16;00238;Ferreira Gomes;5802;5802;6666;864
PR;41;11506;Ivaiporã;31816;31856;32720;864
PB;25;15971;Sobrado;7373;7373;8236;863
CE;23;13906;Uruoca;12883;12883;13746;863
MG;31;37809;Lambari;19554;19554;20414;860
SP;35;36257;Parisi;2032;2032;2892;860
PE;26;05400;Feira Nova;20571;20571;21427;856
MG;31;01631;Alfredo Vasconcelos;6075;6075;6931;856
PB;25;08554;Logradouro;3942;3942;4797;855
PE;26;05707;Floresta;29285;29285;30137;852
PI;22;09971;São João do Arraial;7336;7336;8186;850
MG;31;09709;Cachoeira de Minas;11034;11034;11883;849
SP;35;54953;Tuiuti;5930;5930;6778;848
AM;13;01506;Envira;16338;16338;17186;848
SP;35;44905;Sales Oliveira;10568;10568;11411;843
PB;25;07002;Itaporanga;23192;23098;23940;842
SP;35;06904;Bofete;9618;9618;10460;842
CE;23;07106;Jardim;26688;26574;27411;837
PB;25;09305;Mataraca;7407;7407;8244;837
SP;35;06300;Bernardino de Campos;10775;10775;11607;832
MS;50;05152;Juti;5900;5897;6729;832
MG;31;27206;Funilândia;3855;3855;4686;831
PB;25;03001;Caaporã;20362;20362;21193;831
PB;25;08604;Lucena;11730;11730;12560;830
SP;35;54508;Tietê;36835;36835;37663;828
PR;41;15754;Mauá da Serra;8555;8555;9383;828
SP;35;37800;Piedade;52143;52143;52970;827
MG;31;50901;Piranguçu;5217;5217;6041;824
RS;43;02402;Bom Retiro do Sul;11472;11472;12294;822
PB;25;09503;Montadas;4990;4990;5812;822
RJ;33;00159;Aperibé;10213;10213;11034;821
CE;23;04954;Guaiúba;24091;23504;24325;821
SP;35;14007;Dobrada;7939;7939;8759;820
PE;26;16001;Venturosa;16052;16433;17251;818
SP;35;21101;Ipeúna;6016;6016;6831;815
RS;43;04903;Casca;8651;8651;9465;814
MG;31;05103;Bambuí;22734;22734;23546;812
MG;31;43500;Morada Nova de Minas;8255;8255;9067;812
PR;41;17305;Ortigueira;23380;23380;24192;812
BA;29;28505;Santa Terezinha;9648;9629;10441;812
MG;31;08602;Brasília de Minas;31213;31213;32025;812
PE;26;15508;Tracunhaém;13055;13055;13867;812
RS;43;12906;Nova Bassano;8840;8840;9649;809
MS;50;04601;Itaquiraí;18614;18614;19423;809
MA;21;05500;João Lisboa;20381;23900;24709;809
GO;52;10109;Ipameri;24735;24740;25548;808
GO;52;02502;Aruanã;7496;7496;8300;804
SP;35;32801;Nova Aliança;5891;5891;6693;802
MG;31;35407;Jeceaba;5395;5395;6197;802
PA;15;07755;Sapucaia;5047;5047;5847;800
MT;51;07768;Santa Rita do Trivelato;2491;2477;3276;799
MS;50;04908;Jaraguari;6341;6341;7139;798
RJ;33;02270;Japeri;95492;95492;96289;797
RS;43;03905;Campo Bom;60074;62091;62886;795
SP;35;19402;Ibirá;10896;10896;11690;794
PI;22;02083;Cajueiro da Praia;7163;7163;7957;794
SP;35;00204;Adolfo;3557;3557;4351;794
RJ;33;03708;Paraíba do Sul;41084;41269;42063;794
MG;31;08552;Brasilândia de Minas;14226;14226;15020;794
CE;23;05803;Ipu;40296;40292;41081;789
RS;43;14035;Pareci Novo;3511;3530;4319;789
SP;35;54300;Teodoro Sampaio;21386;21386;22173;787
SP;35;36208;Pariquera-Açu;18446;18446;19233;787
PA;15;07003;Santo Antônio do Tauá;26674;26674;27461;787
PR;41;22156;Rio Bonito do Iguaçu;13661;13143;13929;786
RN;24;03301;Encanto;5231;5231;6016;785
MG;31;68804;Tiradentes;6961;6961;7744;783
RS;43;14050;Parobé;51502;51275;52058;783
MG;31;33006;Itamonte;14003;14003;14786;783
BA;29;07905;Cipó;15755;16449;17230;781
RS;43;21402;Tenente Portela;13719;13719;14497;778
ES;32;01100;Bom Jesus do Norte;9476;9476;10254;778
PR;41;02109;Astorga;24698;24698;25475;777
SP;35;36802;Pedra Bela;5780;5780;6557;777
MG;31;57252;Santa Bárbara do Leste;7682;7682;8458;776
SC;42;14201;Quilombo;10248;10248;11022;774
BA;29;03276;Barrocas;14191;14429;15203;774
MG;31;32503;Itamarandiba;32175;32175;32948;773
MG;31;44656;Ninheira;9815;9815;10588;773
GO;52;05000;Carmo do Rio Verde;8928;8938;9710;772
BA;29;01502;Anguera;10242;10259;11031;772
MG;31;20805;Cruzília;14591;14591;15362;771
GO;52;13707;Montes Claros de Goiás;7987;7985;8756;771
MA;21;07100;Morros;17783;17783;18554;771
MT;51;06190;Nova Santa Helena;3468;3468;4239;771
RS;43;09050;Glorinha;6891;6891;7658;767
RJ;33;03500;Nova Iguaçu;796257;785102;785867;765
PR;41;10607;Iporã;14981;14981;15746;765
MG;31;62203;São João Batista do Glória;6887;6887;7652;765
MT;51;03908;General Carneiro;5027;5272;6037;765
CE;23;04905;Groaíras;10228;10147;10910;763
SP;35;03109;Arandu;6123;6123;6885;762
MG;31;51602;Planura;10384;10384;11145;761
MT;51;07743;Santa Cruz do Xingu;1900;1900;2661;761
MA;21;02101;Brejo;33359;33359;34120;761
MS;50;06309;Paranaíba;40192;40197;40957;760
MT;51;04609;Itiquira;11478;11478;12236;758
RN;24;06601;Lagoa Salgada;7564;7564;8319;755
SC;42;03303;Campo Alegre;11748;11748;12501;753
PA;15;07201;São Domingos do Capim;29846;29846;30599;753
SP;35;48054;Santo Antônio do Aracanguá;7626;7626;8379;753
MS;50;07406;Rio Verde de Mato Grosso;18890;19066;19818;752
MG;31;51305;Piraúba;10862;10862;11610;748
RS;43;21667;Três Cachoeiras;10217;10217;10962;745
MA;21;00709;Anajatuba;25291;24579;25322;743
GO;52;03609;Brazabrantes;3232;3251;3992;741
RN;24;10504;Rafael Fernandes;4692;4692;5432;740
MA;21;00550;Amapá do Maranhão;6431;6431;7170;739
RJ;33;04706;Santo Antônio de Pádua;40589;40589;41325;736
PR;41;09005;Guapirama;3891;3891;4626;735
MA;21;08009;Pastos Bons;18067;18067;18802;735
MG;31;11200;Campo Belo;51544;51544;52277;733
BA;29;33174;Varzedo;9109;9183;9913;730
MT;51;03106;Cocalinho;5490;5490;6220;730
BA;29;11402;Glória;15076;14795;15524;729
MG;31;35704;Jequitibá;5156;5156;5883;727
MS;50;04403;Inocência;7669;7677;8404;727
RS;43;01651;Barão;5741;5735;6461;726
SE;28;04458;Nossa Senhora Aparecida;8508;8508;9232;724
MT;51;07354;São José do Xingu;5240;5240;5964;724
TO;17;21109;Tocantínia;6736;6736;7459;723
GO;52;18052;Porteirão;3347;3347;4070;723
MG;31;38674;Luisburgo;6234;6234;6956;722
PR;41;19806;Planalto;13654;13654;14374;720
SE;28;02809;Indiaroba;15831;15831;16549;718
SP;35;29609;Meridiano;3855;3855;4572;717
SC;42;17600;Siderópolis;12998;12998;13714;716
PI;22;05953;Marcolândia;7812;7819;8533;714
RN;24;14159;Tenente Laurentino Cruz;5406;5177;5891;714
MG;31;51107;Pirapetinga;10364;10364;11077;713
MG;31;31604;Iraí de Minas;6467;6467;7180;713
BA;29;09703;Cristópolis;13280;13280;13993;713
MG;31;54101;Recreio;10299;10299;11007;708
MG;31;23007;Dores de Campos;9299;9299;10007;708
CE;23;14003;Várzea Alegre;38434;38276;38984;708
GO;52;20264;São Miguel do Passa Quatro;3757;3757;4464;707
SC;42;18608;Trombudo Central;6553;6567;7274;707
BA;29;14109;Ipupiara;9285;9229;9935;706
SP;35;55505;Ubirajara;4427;4427;5132;705
SP;35;25409;Jeriquara;3160;3160;3863;703
SP;35;13702;Descalvado;31056;31056;31756;700
MA;21;06672;Milagres do Maranhão;8118;8118;8818;700
RJ;33;04300;Rio Bonito;55551;55576;56276;700
RS;43;04689;Capela de Santana;11612;10462;11159;697
PR;41;17222;Nova Santa Rosa;7626;7626;8322;696
SC;42;19002;Urussanga;20223;20223;20919;696
PB;25;04355;Caturité;4543;4563;5254;691
PB;25;16805;Triunfo;9220;9201;9892;691
BA;29;11600;Governador Mangabeira;19818;19916;20605;689
PA;15;06161;Rio Maria;17697;17697;18384;687
MG;31;40803;Matias Barbosa;13435;13435;14121;686
GO;52;12907;Marzagão;2072;2072;2758;686
RO;11;00098;Espigão D'Oeste;28729;28729;29414;685
PR;41;20606;Prudentópolis;48792;48709;49393;684
PB;25;09404;Mogeiro;12491;13219;13899;680
MS;50;03488;Dois Irmãos do Buriti;10363;10423;11100;677
PR;41;20853;Quatro Pontes;3803;3803;4480;677
MG;31;20607;Crucilândia;4757;4757;5434;677
MA;21;02754;Capinzal do Norte;10698;10698;11374;676
PB;25;02508;Boqueirão;16888;16922;17598;676
SC;42;14607;Rio do Oeste;7090;7072;7747;675
CE;23;03402;Carnaubal;16746;16537;17210;673
CE;23;10605;Penaforte;8226;8299;8972;673
PI;22;06753;Nossa Senhora de Nazaré;4556;4556;5228;672
BA;29;30600;Serrolândia;12344;12664;13335;671
SP;35;45704;Santa Albertina;5723;5723;6393;670
GO;52;22302;Vila Propício;5145;5145;5815;670
SE;28;02106;Estância;64409;64409;65078;669
PA;15;00503;Almeirim;33614;33614;34280;666
SC;42;07809;Irani;9531;9531;10195;664
BA;29;13200;Ibotirama;25424;25645;26309;664
SP;35;00501;Águas de Lindóia;17266;17266;17930;664
SP;35;50605;São Roque;78821;78821;79484;663
SP;35;29203;Martinópolis;24219;24219;24881;662
TO;17;07108;Divinópolis do Tocantins;6363;6363;7024;661
SC;42;19408;Witmarsum;3600;3596;4255;659
SP;35;28858;Marapoama;2633;2633;3292;659
PB;25;15930;Sertãozinho;4395;4395;5054;659
MG;31;24500;Estiva;10845;10845;11502;657
MG;31;52709;Prados;8391;8391;9048;657
CE;23;12007;Santana do Acaraú;29946;29972;30628;656
SE;28;02304;Frei Paulo;13874;13874;14530;656
PI;22;05805;Luzilândia;24721;24721;25375;654
SP;35;39202;Pirapozinho;24694;24694;25348;654
PR;41;20200;Porto Rico;2530;2530;3182;652
MG;31;21407;Desterro de Entre Rios;7002;7002;7653;651
MA;21;06201;Luís Domingues;6510;6510;7161;651
BA;29;15106;Itagi;13051;13152;13803;651
SE;28;02205;Feira Nova;5324;5324;5975;651
PR;41;07538;Entre Rios do Oeste;3926;3926;4575;649
SP;35;48203;Santo Antônio do Pinhal;6486;6486;7133;647
MG;31;48756;Pedra Bonita;6673;6673;7320;647
SE;28;06305;Santa Luzia do Itanhy;12969;12969;13616;647
PE;26;13404;São José da Coroa Grande;18180;18180;18825;645
TO;17;01101;Aparecida do Rio Negro;4213;4213;4856;643
BA;29;05503;Caldeirão Grande;12491;12438;13080;642
RS;43;17509;Santo Ângelo;76275;76275;76917;642
MS;50;07505;Rochedo;4928;4557;5199;642
SC;42;08005;Itá;6426;6426;7067;641
PR;41;03503;Califórnia;8069;8069;8710;641
MG;31;38104;Lassance;6484;6484;7124;640
SP;35;12100;Colômbia;5994;5994;6629;635
RS;43;05801;Constantina;9752;9752;10385;633
CE;23;07908;Martinópole;10214;10214;10846;632
MG;31;65008;São Tiago;10561;10561;11192;631
MA;21;10039;Santa Luzia do Paruá;22644;23676;24307;631
PE;26;06606;Ibimirim;26954;25965;26593;628
BA;29;06105;Canápolis;9410;9597;10225;628
MG;31;15359;Catas Altas;4846;4846;5473;627
PB;25;15500;Serra Branca;12973;12987;13614;627
RN;24;01800;Brejinho;11577;11577;12202;625
SP;35;23602;Itirapina;15524;15524;16148;624
SP;35;42305;Redenção da Serra;3873;3873;4494;621
RS;43;01701;Barão de Cotegipe;6529;6526;7144;618
TO;17;18865;Santa Fé do Araguaia;6599;6599;7216;617
CE;23;03659;Catunda;9952;9828;10444;616
PI;22;02208;Campo Maior;45177;45177;45793;616
PI;22;02174;Campo Largo do Piauí;6803;6803;7419;616
MG;31;08107;Bonfim;6818;6818;7434;616
MG;31;00302;Abre Campo;13311;13311;13927;616
MG;31;17900;Congonhal;10468;10468;11083;615
MG;31;19203;Coroaci;10270;10270;10884;614
MG;31;02407;Alvorada de Minas;3546;3546;4159;613
RS;43;21709;Três Coroas;23848;23812;24425;613
SP;35;43600;Rifaina;3436;3436;4049;613
MS;50;03900;Figueirão;2928;2928;3539;611
MG;31;42007;Mirabela;13042;13042;13651;609
PI;22;01770;Boa Hora;6296;6296;6902;606
MG;31;05301;Bandeira do Sul;5338;5338;5943;605
BA;29;03003;Barra do Mendes;13987;13233;13836;603
PA;15;01253;Bannach;3431;3431;4031;600
MG;31;40209;Maripá de Minas;2788;2788;3387;599
SC;42;17956;Tigrinhos;1757;1730;2329;599
MT;51;01001;Araguaiana;3197;3197;3795;598
AL;27;06109;Ouro Branco;10912;10848;11446;598
SC;42;07700;Ipumirim;7220;7220;7816;596
PR;41;12405;Japurá;8549;8549;9144;595
SC;42;05209;Erval Velho;4352;4290;4885;595
CE;23;01257;Ararendá;10491;10501;11096;595
AL;27;08402;São José da Tapera;30088;30009;30604;595
RS;43;08078;Fazenda Vilanova;3697;3697;4291;594
RS;43;15149;Presidente Lucena;2484;2484;3077;593
MS;50;07950;Tacuru;10215;10215;10808;593
PR;41;16059;Missal;10474;10474;11064;590
BA;29;04050;Bonito;14834;15254;15844;590
TO;17;02208;Araguatins;31329;31329;31918;589
SP;35;50209;São Miguel Arcanjo;31450;31450;32039;589
ES;32;04658;São Domingos do Norte;8001;8001;8589;588
MG;31;07604;Bom Jesus da Penha;3887;3887;4474;587
GO;52;21551;Turvelândia;4399;4399;4985;586
RN;24;14605;Upanema;12992;12992;13577;585
AL;27;01803;Carneiros;8290;8415;8999;584
TO;17;12009;Lajeado;2773;2773;3357;584
MG;31;10301;Caldas;13633;13633;14217;584
BA;29;06824;Canudos;15732;15522;16105;583
PA;15;06104;Primavera;10268;10268;10851;583
SP;35;26605;Lavrinhas;6590;6590;7171;581
SC;42;12700;Petrolândia;6131;6136;6716;580
MG;31;40308;Marliéria;4012;4012;4592;580
PI;22;02000;Buriti dos Lopes;19074;19074;19654;580
MT;51;08857;Nova Marilândia;2951;2949;3529;580
SC;42;14706;Rio dos Cedros;10284;10286;10865;579
MA;21;06706;Mirador;20452;20452;21030;578
MG;31;69356;Três Marias;28318;28318;28895;577
SC;42;02859;Braço do Trombudo;3457;3451;4026;575
SP;35;33601;Nuporanga;6817;6817;7391;574
PB;25;12762;Riachão do Poço;4164;4164;4738;574
GO;52;06305;Cristianópolis;2932;2932;3504;572
MG;31;48707;Pedra Azul;23839;23839;24410;571
MS;50;06358;Paranhos;12350;12350;12921;571
SP;35;28007;Macatuba;16259;16259;16829;570
PE;26;04403;Chã de Alegria;12404;12414;12984;570
MA;21;11789;Serrano do Maranhão;10286;9632;10202;570
SP;35;17208;Guaiçara;10670;10670;11239;569
MA;21;12506;Tutóia;52788;52788;53356;568
MG;31;35308;Japaraíba;3939;3939;4506;567
ES;32;01803;Divino de São Lourenço;4516;4516;5083;567
GO;52;18789;Rio Quente;3312;3298;3864;566
MG;31;49002;Pedra Dourada;2191;2191;2757;566
RR;14;00605;São Luiz;6750;6750;7315;565
MA;21;10401;São Benedito do Rio Preto;17799;17799;18364;565
BA;29;17334;Iuiu;10900;10553;11118;565
ES;32;02553;Ibitirama;8957;8957;9520;563
RN;24;02402;Carnaúba dos Dantas;7429;7429;7992;563
MT;51;03205;Colíder;30766;30807;31370;563
RS;43;10538;Itaara;5010;5010;5572;562
MG;31;30556;Imbé de Minas;6424;6424;6986;562
MA;21;00154;Água Doce do Maranhão;11581;11581;12142;561
BA;29;03508;Belo Campo;16021;17851;18412;561
PR;41;27502;Tibagi;19344;19403;19961;558
PB;25;01351;Assunção;3522;3594;4152;558
TO;17;06506;Darcinópolis;5273;5273;5827;554
SP;35;00808;Alfredo Marcondes;3891;3891;4445;554
PE;26;05004;Cupira;23390;22964;23518;554
PB;25;01534;Baraúna;4220;4210;4762;552
PA;15;03002;Faro;8177;8177;8728;551
MG;31;42809;Monte Alegre de Minas;19619;19619;20170;551
MG;31;17108;Conceição da Aparecida;9820;9820;10371;551
MA;21;04099;Formosa da Serra Negra;17757;17169;17719;550
SP;35;46504;Santa Ernestina;5568;5568;6118;550
AC;12;00427;Rodrigues Alves;14389;14389;14938;549
GO;52;05455;Cezarina;7545;7542;8090;548
PR;41;05904;Colorado;22345;22349;22896;547
GO;52;20504;Serranópolis;7481;7481;8027;546
SP;35;09957;Canas;4385;4385;4931;546
SP;35;52908;Taciba;5714;5714;6260;546
ES;32;02504;Ibiraçu;11178;11178;11723;545
RS;43;21469;Tio Hugo;2724;2724;3267;543
MG;31;19906;Córrego do Bom Jesus;3730;3730;4272;542
RS;43;21436;Terra de Areia;9878;9793;10334;541
TO;17;03800;Buriti do Tocantins;9768;9768;10307;539
PE;26;05459;Fernando de Noronha;2630;2630;3167;537
MA;21;06607;Matões;31015;31638;32174;536
SC;42;14300;Rancho Queimado;2748;2744;3279;535
SP;35;31407;Monte Aprazível;21746;21746;22280;534
RN;24;04408;Grossos;9393;9393;9924;531
SC;42;05308;Faxinal dos Guedes;10661;10661;11192;531
MG;31;06309;Belo Oriente;23397;23397;23928;531
SC;42;09409;Laguna;51562;42255;42785;530
MG;31;14402;Carmo do Rio Claro;20426;20426;20954;528
SP;35;41059;Pratânia;4599;4599;5126;527
PI;22;01507;Batalha;25774;25774;26300;526
MG;31;46008;Ouro Fino;31568;31568;32094;526
MG;31;23304;Dores do Turvo;4462;4462;4987;525
TO;17;12702;Mateiros;2223;2223;2748;525
PR;41;11704;Jaboti;4902;4902;5427;525
PB;25;00577;Algodão de Jandaíra;2366;2429;2953;524
GO;52;01504;Aporé;3803;3803;4325;522
PI;22;03107;Cristino Castro;9981;9981;10503;522
PR;41;23303;Santa Cruz de Monte Castelo;8092;8092;8613;521
PI;22;01929;Bonfim do Piauí;5393;5393;5913;520
MG;31;42403;Moema;7028;7028;7548;520
MG;31;13602;Careaçu;6298;6298;6816;518
RJ;33;00936;Carapebus;13359;13330;13847;517
MS;50;04007;Glória de Dourados;9927;9927;10444;517
PB;25;09156;Marizópolis;6173;6188;6705;517
BA;29;02500;Baianópolis;13850;13100;13614;514
TO;17;03842;Campos Lindos;8139;8139;8653;514
CE;23;13005;Solonópole;17665;17665;18179;514
SP;35;46108;Santa Clara d'Oeste;2084;2084;2598;514
MG;31;37403;Lagoa Dourada;12256;12256;12769;513
RN;24;01701;Bom Jesus;9440;9440;9952;512
CE;23;13955;Varjota;17593;17593;18105;512
PA;15;07508;São João do Araguaia;13155;13155;13664;509
MG;31;62906;São João Nepomuceno;25057;25057;25565;508
MG;31;27404;Gonçalves;4220;4220;4727;507
GO;52;05521;Colinas do Sul;3523;3523;4030;507
SC;42;05100;Dona Emma;3721;3715;4221;506
PB;25;01203;Areial;6470;6624;7128;504
MG;31;23908;Entre Rios de Minas;14242;14242;14746;504
MG;31;17801;Conceição dos Ouros;10388;10377;10880;503
MT;51;00359;Alto Boa Vista;5247;5212;5715;503
SC;42;18400;Treze de Maio;6876;6859;7362;503
RS;43;09605;Horizontina;18348;18348;18851;503
PI;22;03206;Curimatá;10761;10768;11270;502
MG;31;10905;Campanha;15433;15433;15935;502
PI;22;02729;Cocal dos Alves;5572;5885;6386;501
MG;31;08255;Bonito de Minas;9673;9703;10204;501
SP;35;30102;Mirandópolis;27483;27483;27983;500
SP;35;23800;Itobi;7546;7546;8046;500
BA;29;10206;Dom Macedo Costa;3874;3907;4407;500
MG;31;27008;Fronteira;14041;14041;14540;499
PR;41;07306;Doutor Camargo;5828;5828;6327;499
BA;29;25931;Quixabeira;9554;8962;9461;499
PR;41;16950;Nova Esperança do Sudoeste;5098;5098;5597;499
MG;31;34301;Itumirim;6139;6139;6638;499
PR;41;03370;Brasilândia do Sul;3209;3209;3708;499
MG;31;02050;Alto Caparaó;5297;5297;5795;498
GO;52;05208;Caturaí;4686;4686;5184;498
MS;50;01243;Aral Moreira;10251;10251;10748;497
MA;21;01970;Boa Vista do Gurupi;7949;7078;7574;496
MS;50;02159;Bodoquena;7985;8072;8567;495
MT;51;07800;Santo Antônio do Leverger;18463;14751;15246;495
PB;25;09396;Maturéia;5939;5939;6433;494
MG;31;20870;Curral de Dentro;6913;6913;7406;493
BA;29;26103;Retirolândia;12055;13159;13651;492
CE;23;00507;Alcântaras;10771;10877;11369;492
GO;52;21007;Taquaral de Goiás;3541;3534;4026;492
GO;52;04300;Caçu;13283;13283;13774;491
PI;22;04402;Gilbués;10402;10402;10892;490
MT;51;05903;Nobres;15002;15002;15492;490
RJ;33;00951;Comendador Levy Gasparian;8180;8254;8741;487
BA;29;25600;Presidente Dutra;13750;14643;15130;487
MG;31;56452;Rosário da Limeira;4247;4247;4734;487
CE;23;13807;Uruburetama;19765;19703;20189;486
MG;31;65701;Senador Firmino;7230;7230;7716;486
SP;35;20442;Ilha Solteira;25064;25064;25549;485
BA;29;00207;Abaré;17064;17155;17639;484
GO;52;21809;Urutaí;3074;3070;3553;483
RN;24;03806;Florânia;8959;9713;10196;483
MS;50;08008;Terenos;17146;17169;17652;483
SC;42;16701;São José do Cedro;13684;13684;14167;483
MG;31;55702;Rio Piracicaba;14149;14149;14631;482
MG;31;05905;Barroso;19599;19599;20080;481
GO;52;07402;Edéia;11266;11266;11747;481
GO;52;01454;Aparecida do Rio Doce;2427;2427;2907;480
CE;23;10001;Palhano;8866;8866;9346;480
MA;21;03554;Conceição do Lago-Açu;14436;14436;14915;479
RS;43;15305;Quaraí;23021;23021;23500;479
MG;31;31000;Inhaúma;5760;5760;6239;479
GO;52;06701;Damianópolis;3292;3292;3770;478
PB;25;16706;Teixeira;14153;14153;14631;478
SE;28;04300;Muribeca;7344;7344;7822;478
SC;42;06702;Herval d'Oeste;21239;21246;21724;478
SP;35;32702;Nipoã;4274;4274;4750;476
MG;31;60900;São Brás do Suaçuí;3513;3513;3989;476
CE;23;11504;Quixeré;19412;20401;20874;473
PB;25;07309;Jacaraú;13942;14004;14477;473
CE;23;09458;Ocara;24007;24020;24493;473
BA;29;19306;Lençóis;10368;10302;10774;472
SP;35;47908;Santo Antônio da Alegria;6304;6304;6775;471
RN;24;05603;Jardim de Piranhas;13506;13506;13977;471
ES;32;04807;São José do Calçado;10408;10408;10878;470
PI;22;01960;Brasileira;7966;7966;8436;470
MA;21;04651;Governador Newton Bello;11921;10245;10713;468
MA;21;10609;São Bernardo;26476;26476;26943;467
PA;15;04604;Mocajuba;26731;26731;27198;467
GO;52;12204;Jussara;19153;19153;19620;467
PI;22;05565;Lagoa do Barro do Piauí;4523;4530;4995;465
PR;41;25357;São Jorge do Patrocínio;6041;6041;6504;463
RJ;33;01850;Guapimirim;51483;51233;51696;463
SP;35;01152;Alumínio;16839;16839;17301;462
PI;22;01945;Boqueirão do Piauí;6193;6083;6545;462
RJ;33;02502;Magé;227322;227667;228127;460
TO;17;01002;Ananás;9865;9865;10325;460
GO;52;10562;Itaguari;4513;4503;4963;460
SP;35;09403;Cajuru;23371;23371;23830;459
PB;25;16904;Uiraúna;14584;14472;14930;458
PE;26;03926;Carnaubeira da Penha;11782;11782;12239;457
PI;22;02653;Caxingó;5039;5039;5496;457
SP;35;41802;Queiroz;2808;2808;3265;457
SP;35;30904;Mombuca;3266;3266;3722;456
MG;31;41306;Medeiros;3444;3444;3900;456
MG;31;64472;São Sebastião do Anta;5739;5739;6194;455
TO;17;08205;Formoso do Araguaia;18427;18427;18881;454
SP;35;55000;Tupã;63476;63476;63928;452
SP;35;11706;Charqueada;15085;15085;15535;450
MT;51;06455;Planalto da Serra;2726;2716;3166;450
PB;25;02805;Brejo do Cruz;13123;13163;13613;450
PE;26;07802;Itaquitinga;15692;16105;16554;449
RS;43;08904;Getúlio Vargas;16154;16154;16602;448
SP;35;18503;Guareí;14565;14565;15013;448
PB;25;12002;Pocinhos;17032;17022;17469;447
SP;35;07308;Boracéia;4268;4268;4715;447
SP;35;18206;Guararapes;30597;30597;31043;446
RS;43;14456;Pinhal;2513;2513;2959;446
GO;52;17203;Piranhas;11266;11266;11712;446
MT;51;04559;Itaúba;4575;4575;5020;445
MG;31;64308;São Roque de Minas;6686;6686;7129;443
CE;23;13104;Tabuleiro do Norte;29204;30209;30652;443
RN;24;01305;Campo Grande;9289;9289;9730;441
RS;43;23309;Vila Flores;3207;3207;3646;439
PR;41;26355;Serranópolis do Iguaçu;4568;4568;5007;439
PB;25;06004;Esperança;31095;30792;31231;439
MG;31;22355;Divisa Alegre;5884;5884;6321;437
SE;28;03708;Macambira;6401;6401;6838;437
MG;31;28303;Guaranésia;18714;18714;19150;436
MG;31;42304;Moeda;4689;4689;5125;436
MT;51;07883;Serra Nova Dourada;1365;1365;1800;435
TO;17;17503;Pium;6694;6694;7128;434
PE;26;09808;Orocó;13180;13180;13613;433
MG;31;31109;Inimutaba;6724;6939;7371;432
MG;31;51701;Poço Fundo;15959;15959;16390;431
PA;15;05601;Peixe-Boi;7854;7854;8285;431
MG;31;16001;Chalé;5645;5645;6075;430
MG;31;68309;Taquaraçu de Minas;3794;3794;4224;430
CE;23;08104;Mauriti;44240;45132;45561;429
PE;26;11408;Primavera;13439;13409;13838;429
SP;35;19006;Herculândia;8696;8696;9125;429
RS;43;11775;Maquiné;6905;6989;7418;429
MG;31;31158;Ipaba;16708;16708;17136;428
PI;22;02133;Campo Grande do Piauí;5592;5592;6020;428
TO;17;00707;Alvorada;8374;8374;8802;428
MA;21;10708;São Domingos do Maranhão;33607;33607;34034;427
RN;24;06205;Lagoa d'Anta;6227;6227;6654;427
SP;35;09106;Caiuá;5039;5039;5466;427
PB;25;12754;Riachão do Bacamarte;4264;4264;4690;426
SP;35;22653;Itapirapuã Paulista;3880;3880;4306;426
SP;35;35002;Palestina;11051;11051;11476;425
BA;29;08200;Conceição da Feira;20391;20375;20800;425
SP;35;19105;Iacanga;10013;10013;10437;424
MA;21;09106;Presidente Dutra;44731;44731;45155;424
MG;31;45851;Oratórios;4493;4493;4917;424
MG;31;32909;Itamogi;10349;10349;10770;421
SP;35;07456;Borebi;2293;2293;2713;420
RS;43;00851;Arambaré;3693;3693;4112;419
GO;52;02809;Avelinópolis;2450;2450;2868;418
MS;50;04809;Japorã;7731;7731;8148;417
AL;27;09103;Taquarana;19020;18615;19032;417
SE;28;04607;Nossa Senhora das Dores;24580;24580;24996;416
RS;43;05207;Cerro Largo;13289;13289;13705;416
MG;31;68408;Tarumirim;14293;14293;14709;416
CE;23;04236;Croatá;17069;17066;17481;415
SP;35;05005;Barão de Antonina;3116;3116;3531;415
PR;41;11407;Ivaí;12815;12815;13229;414
PE;26;02506;Brejinho;7307;7307;7720;413
RN;24;13102;Senador Elói de Souza;5637;5553;5965;412
BA;29;33455;Wanderley;12485;12558;12968;410
MG;31;67509;Simão Pereira;2537;2537;2947;410
CE;23;03956;Chorozinho;18915;19753;20163;410
CE;23;12809;Senador Sá;6852;6852;7262;410
PE;26;04502;Chã Grande;20137;20137;20546;409
MG;31;35357;Japonvar;8298;7718;8127;409
PB;25;03555;Cacimbas;6814;6814;7223;409
RJ;33;06156;Varre-Sai;9475;9798;10207;409
SP;35;15608;Fernando Prestes;5534;5534;5942;408
SC;42;09177;Jupiá;2148;2148;2555;407
MS;50;08404;Vicentina;5901;5929;6336;407
MA;21;04107;Fortaleza dos Nogueiras;11646;12234;12640;406
TO;17;17909;Ponte Alta do Tocantins;7180;7180;7586;406
MG;31;58904;Santana do Manhuaçu;8582;8582;8987;405
PR;41;05607;Cidade Gaúcha;11062;11062;11467;405
ES;32;00706;Atílio Vivácqua;9850;10135;10540;405
RJ;33;00225;Areal;11423;11423;11828;405
BA;29;22730;Nova Fátima;7602;7563;7967;404
GO;52;19100;Santa Bárbara de Goiás;5751;5746;6149;403
RJ;33;04508;Rio das Flores;8561;8552;8954;402
SC;42;14904;Rio Fortuna;4446;4446;4847;401
SC;42;00556;Águas Frias;2424;2439;2839;400
SP;35;06805;Bocaina;10859;10859;11259;400
TO;17;18840;Sandolândia;3326;3326;3723;397
MA;21;07456;Olinda Nova do Maranhão;13181;13181;13577;396
CE;23;08609;Monsenhor Tabosa;16705;16753;17149;396
PR;41;15002;Marilena;6858;6858;7253;395
MT;51;07198;Ribeirãozinho;2199;2199;2593;394
MG;31;23528;Durandé;7423;7423;7817;394
MG;31;27388;Goianá;3659;3659;4053;394
SP;35;52007;Silveiras;5792;5792;6186;394
MG;31;30606;Inconfidentes;6908;6908;7301;393
ES;32;04708;São Gabriel da Palha;31859;31859;32252;393
PI;22;07900;Pedro II;37496;37502;37894;392
RS;43;02204;Boa Vista do Buricá;6574;6574;6966;392
PB;25;08208;Lagoa de Dentro;7370;7428;7819;391
PR;41;08908;Guairaçá;6197;6197;6587;390
RS;43;03558;Camargo;2592;2592;2981;389
BA;29;22052;Mulungu do Morro;12249;12763;13152;389
MG;31;38807;Luz;17486;17486;17875;389
RN;24;07252;Major Sales;3536;3536;3924;388
MG;31;26406;Fortuna de Minas;2705;2705;3093;388
SP;35;09452;Campina do Monte Alegre;5567;5567;5954;387
MG;31;52105;Ponte Nova;57390;57390;57776;386
MG;31;13206;Carandaí;23346;23427;23812;385
SC;42;05175;Entre Rios;3018;3018;3402;384
MA;21;01103;Axixá;11407;11407;11790;383
PR;41;04105;Campo do Tenente;7125;7125;7508;383
PB;25;14453;São José dos Ramos;5508;5508;5891;383
AP;16;00709;Tartarugalzinho;12563;12563;12945;382
RS;43;14001;Paraí;6812;6812;7194;382
SP;35;35408;Panorama;14583;14583;14964;381
PI;22;03354;Dirceu Arcoverde;6675;6675;7054;379
RN;24;14100;Tenente Ananias;9883;9883;10262;379
MG;31;56601;Rubim;9919;9919;10298;379
MG;31;50406;Piedade dos Gerais;4640;4640;5019;379
PR;41;01150;Ângulo;2859;2859;3235;376
ES;32;05036;Vargem Alta;19130;19188;19563;375
SC;42;01109;Anitápolis;3214;3218;3593;375
MT;51;03361;Conquista D'Oeste;3385;3385;3760;375
SP;35;30409;Mirassolândia;4295;4295;4669;374
SP;35;17901;Guaraci;9976;9976;10350;374
GO;52;04607;Campestre de Goiás;3387;3382;3755;373
SP;35;22000;Itaju;3246;3246;3618;372
MA;21;03802;Dom Pedro;22681;22681;23053;372
AL;27;00607;Barra de São Miguel;7574;7574;7944;370
MG;31;35902;Jesuânia;4768;4768;5138;370
MS;50;00708;Anastácio;23835;23744;24114;370
TO;17;09005;Goiatins;12064;12064;12433;369
RJ;33;05133;São José de Ubá;7003;6702;7070;368
CE;23;00150;Acarape;15338;13661;14027;366
MG;31;22603;Dom Joaquim;4535;4535;4899;364
GO;52;19001;Sanclerlândia;7550;7554;7918;364
SP;35;41703;Quatá;12799;12799;13163;364
RS;43;05871;Coronel Barros;2459;2459;2822;363
MG;31;69000;Tocantins;15823;15823;16185;362
GO;52;00803;Alvorada do Norte;8084;8084;8446;362
BA;29;23035;Novo Horizonte;10673;10801;11162;361
RN;24;04853;Itajá;6932;6932;7292;360
PI;22;04659;Ilha Grande;8914;8914;9274;360
PB;25;02052;Bernardino Batista;3075;3145;3504;359
SP;35;43006;Ribeirão Branco;18269;18269;18627;358
RJ;33;01157;Cardoso Moreira;12600;12600;12958;358
SP;35;19808;Icém;7462;7462;7819;357
BA;29;29370;São José do Jacuípe;10180;9830;10187;357
SP;35;57154;Zacarias;2335;2335;2692;357
SP;35;34609;Osvaldo Cruz;30917;30917;31272;355
SP;35;18859;Guatapará;6966;6966;7320;354
MG;31;36603;Nova União;5555;5555;5909;354
TO;17;03073;Barra do Ouro;4123;4123;4476;353
MG;31;52600;Pouso Alto;6213;6213;6566;353
SP;35;42107;Rafard;8612;8612;8965;353
RJ;33;01504;Cordeiro;20430;20430;20783;353
RS;43;18481;São José do Hortêncio;4094;4094;4447;353
SC;42;11603;Nova Veneza;13309;13312;13664;352
MT;51;07792;Santo Antônio do Leste;3754;3748;4099;351
TO;17;18808;Sampaio;3864;3864;4215;351
PR;41;19202;Pinhalão;6215;6215;6566;351
SE;28;01504;Carmópolis;13503;13503;13853;350
RN;24;06304;Lagoa de Pedras;6989;6989;7338;349
SP;35;09809;Campos Novos Paulista;4539;4539;4888;349
SP;35;34203;Orindiúva;5675;5675;6024;349
SC;42;13005;Pinheiro Preto;3147;3127;3473;346
AL;27;06422;Pariconha;10264;10227;10573;346
MA;21;09270;Presidente Sarney;17165;17165;17511;346
TO;17;20150;São Félix do Tocantins;1437;1437;1783;346
RS;43;05439;Chuí;5917;5917;6262;345
SC;42;04707;Cunha Porã;10613;10609;10953;344
CE;23;10951;Pires Ferreira;10216;10263;10606;343
AM;13;01308;Codajás;23206;23206;23549;343
MA;21;00501;Alto Parnaíba;10766;10766;11109;343
MG;31;19955;Córrego Fundo;5790;5790;6133;343
MG;31;07208;Bocaina de Minas;5007;5007;5348;341
PB;25;00775;Aparecida;7676;7620;7960;340
PB;25;08802;Malta;5613;5706;6046;340
SP;35;42503;Reginópolis;7323;7323;7662;339
PB;25;00536;Alcantil;5239;5239;5578;339
GO;52;19704;Santa Terezinha de Goiás;10302;10306;10645;339
MG;31;37536;Lagoa Grande;8631;8631;8969;338
PR;41;21505;Rebouças;14176;14176;14514;338
MG;31;63102;São José da Varginha;4198;4198;4536;338
PB;25;07606;Juarez Távora;7459;7459;7796;337
PB;25;03902;Camalaú;5749;5749;6085;336
PB;25;09107;Mari;21176;21176;21512;336
MG;31;10103;Caiana;4968;4968;5304;336
MG;31;68705;Timóteo;81243;81243;81579;336
TO;17;21257;Tupirama;1574;1574;1909;335
SP;35;07704;Braúna;5021;5021;5356;335
SP;35;43105;Ribeirão Corrente;4273;4273;4608;335
RS;43;21857;Três Palmeiras;4381;4381;4716;335
MG;31;55801;Rio Pomba;17110;17110;17443;333
MG;31;28253;Guaraciama;4718;4718;5051;333
MA;21;08801;Pirapemas;17381;17381;17714;333
PI;22;01919;Bom Princípio do Piauí;5304;5304;5636;332
BA;29;10107;Dom Basílio;11355;11553;11884;331
PI;22;10631;Sebastião Leal;4116;4116;4446;330
RS;43;20859;Tabaí;4131;4131;4461;330
BA;29;33406;Wagner;8983;9173;9503;330
PR;41;17206;Nova Olímpia;5503;5503;5833;330
RN;24;11601;São Bento do Norte;2975;2975;3304;329
PR;41;03909;Campina da Lagoa;15394;15394;15723;329
GO;52;06503;Cromínia;3555;3555;3883;328
MG;31;50505;Pimenta;8236;8236;8563;327
RS;43;00646;Ametista do Sul;7323;7323;7650;327
RN;24;01206;Arês;12924;12924;13251;327
RN;24;12401;São José do Seridó;4231;4231;4558;327
AL;27;08105;Santana do Mundaú;10961;10997;11323;326
BA;29;06303;Canavieiras;32336;32357;32683;326
MG;31;06903;Bicas;13653;13653;13978;325
PB;25;15401;São Vicente do Seridó;10230;9966;10291;325
PI;22;07108;Olho D'Água do Piauí;2626;2314;2637;323
PR;41;07736;Fernandes Pinheiro;5932;5932;6255;323
RN;24;10900;Riachuelo;7067;7067;7389;322
RS;43;18614;São José do Sul;2082;2058;2380;322
MG;31;15458;Catuji;6708;6708;7030;322
TO;17;06001;Couto Magalhães;5009;5009;5331;322
SP;35;32306;Natividade da Serra;6678;6678;6999;321
SP;35;12704;Corumbataí;3874;3874;4195;321
ES;32;03106;Jerônimo Monteiro;10879;11255;11575;320
PA;15;04950;Nova Esperança do Piriá;20158;20158;20478;320
PI;22;06803;Nossa Senhora dos Remédios;8206;8206;8525;319
RS;43;13953;Pantano Grande;9895;9895;10212;317
MG;31;54200;Resende Costa;10913;10913;11230;317
SE;28;07303;Telha;2957;2957;3274;317
PB;25;12101;Pombal;32110;32157;32473;316
PI;22;06605;Monte Alegre do Piauí;10345;10345;10660;315
PE;26;03504;Camocim de São Félix;17104;17104;17419;315
GO;52;14408;Nazário;7874;7874;8189;315
PR;41;17057;Nova Laranjeiras;11241;11759;12074;315
MG;31;64431;São Sebastião da Vargem Alegre;2798;2798;3113;315
MS;50;05251;Laguna Carapã;6491;6486;6799;313
PI;22;01556;Bela Vista do Piauí;3778;3778;4091;313
GO;52;08152;Gameleira de Goiás;3275;3143;3456;313
PB;25;08406;Lastro;2841;2850;3162;312
SP;35;36570;Paulistânia;1779;1779;2090;311
TO;17;13700;Monte Santo do Tocantins;2085;2085;2396;311
RS;43;13011;Nova Candelária;2751;2751;3061;310
MG;31;01102;Aimorés;24959;24959;25269;310
PI;22;00707;Anísio de Abreu;9098;9098;9407;309
MG;31;70503;Urucânia;10291;10291;10600;309
SE;28;06404;Santana do São Francisco;7038;7038;7346;308
RS;43;12476;Morro Reuter;5676;5722;6029;307
MG;31;57278;Santa Bárbara do Monte Verde;2788;2788;3095;307
SP;35;30003;Mira Estrela;2820;2820;3126;306
SP;35;21309;Ipuã;14148;14148;14454;306
PI;22;02737;Coivaras;3811;3811;4117;306
RS;43;23770;Westfália;2793;2793;3098;305
SP;35;49706;São José do Rio Pardo;51900;51900;52205;305
PE;26;04601;Condado;24282;24282;24587;305
MG;31;34509;Itutinga;3913;3913;4217;304
MG;31;00807;Aguanil;4054;4054;4357;303
SP;35;08207;Buritizal;4053;4053;4356;303
SP;35;27009;Lindóia;6712;6712;7014;302
RN;24;15008;Vila Flor;2872;2872;3174;302
SP;35;28205;Macedônia;3664;3664;3963;299
BA;29;13408;Igaporã;15205;15229;15527;298
PR;41;17297;Novo Itacolomi;2827;2827;3125;298
SC;42;06405;Guaraciaba;10498;10498;10796;298
PI;22;04352;Geminiano;5475;5148;5445;297
SC;42;13153;Planalto Alegre;2654;2650;2946;296
SP;35;02002;Analândia;4293;4293;4589;296
RJ;33;05703;Sumidouro;14900;14911;15206;295
GO;52;15900;Palminópolis;3557;3556;3851;295
RS;43;13490;Novo Barreiro;3978;3978;4272;294
MG;31;53004;Pratinha;3265;3265;3559;294
MG;31;50604;Piracema;6406;6406;6700;294
PI;22;05458;Joca Marques;5100;5100;5394;294
PR;41;25209;São Jorge d'Oeste;9085;9085;9378;293
AP;16;00055;Serra do Navio;4380;4380;4673;293
MG;31;55306;Rio Manso;5276;5276;5568;292
BA;29;04001;Boninal;13695;13330;13622;292
RN;24;08953;Rio do Fogo;10059;10059;10351;292
PR;41;26504;Sertanópolis;15638;15638;15930;292
SC;42;00101;Abelardo Luz;17100;17100;17392;292
CE;23;11264;Quiterianópolis;19921;19921;20213;292
RS;43;02659;Brochier;4675;4675;4966;291
CE;23;02909;Capistrano;17062;16963;17254;291
MG;31;48202;Patrocínio do Muriaé;5287;5287;5576;289
SP;35;03406;Arealva;7841;7841;8130;289
PA;15;03408;Inhangapi;10037;10037;10325;288
RN;24;11908;São Francisco do Oeste;3874;3874;4161;287
MG;31;39102;Madre de Deus de Minas;4904;4904;5191;287
MG;31;08305;Borda da Mata;17118;17118;17404;286
MG;31;50539;Pingo-d'Água;4420;4420;4706;286
TO;17;03057;Bandeirantes do Tocantins;3122;3122;3407;285
MG;31;71709;Virgínia;8623;8623;8908;285
SP;35;02408;Anhumas;3738;3738;4023;285
RS;43;04697;Capitão;2636;2636;2921;285
PI;22;02059;Cabeceiras do Piauí;9928;9928;10212;284
MG;31;15904;Chácara;2792;2792;3075;283
SC;42;18756;Tunápolis;4633;4633;4916;283
PB;25;11707;Pilõezinhos;5155;5046;5329;283
PI;22;05540;Lagoinha do Piauí;2656;2656;2939;283
SP;35;16853;Gavião Peixoto;4419;4419;4702;283
SC;42;07403;Imbuia;5707;5699;5982;283
MG;31;07505;Bom Jardim de Minas;6501;6501;6783;282
BA;29;16708;Itaquara;7678;7871;8153;282
PE;26;06101;Glória do Goitá;29019;29065;29347;282
RN;24;13003;São Vicente;6028;6028;6310;282
PI;22;02802;Conceição do Canindé;4475;4650;4932;282
MT;51;05309;Luciara;2224;2227;2509;282
RN;24;10207;Portalegre;7320;7320;7601;281
PB;25;09339;Matinhas;4321;4290;4571;281
BA;29;32705;Uruçuca;19837;21140;21420;280
SP;35;35606;Paraibuna;17388;17388;17667;279
PR;41;16307;Munhoz de Melo;3672;3672;3951;279
RS;43;16956;Santa Maria do Herval;6053;6063;6340;277
MG;31;69802;Turvolândia;4658;4658;4935;277
PB;25;06806;Ingá;18180;17415;17692;277
MA;21;08504;Pindaré-Mirim;31152;31152;31429;277
MG;31;47709;Passa Tempo;8197;8197;8473;276
CE;23;05332;Ibicuitinga;11335;11335;11611;276
RS;43;19752;São Vendelino;1944;1975;2251;276
RN;24;04705;Ipanguaçu;13856;13856;14131;275
PR;41;20333;Prado Ferreira;3434;3434;3709;275
SP;35;46207;Santa Cruz da Conceição;4002;4002;4277;275
GO;52;18391;Professor Jamil;3239;3375;3649;274
SP;35;20301;Iguape;28841;28841;29115;274
PI;22;00459;Alvorada do Gurguéia;5050;5050;5322;272
PR;41;13908;Mallet;12973;13156;13428;272
PR;41;17214;Nova Santa Bárbara;3908;3912;4184;272
PE;26;02704;Buenos Aires;12537;12537;12808;271
PE;26;05152;Dormentes;16917;16917;17188;271
SP;35;06409;Bilac;7048;7048;7319;271
ES;32;00169;Água Doce do Norte;11771;11771;12042;271
TO;17;03305;Bom Jesus do Tocantins;3768;3768;4038;270
SC;42;08609;Jaborá;4041;4041;4310;269
PE;26;07109;Ingazeira;4496;4496;4765;269
PI;22;06001;Marcos Parente;4456;4456;4724;268
SP;35;03000;Aramina;5152;5152;5420;268
ES;32;03163;Laranja da Terra;10826;10826;11094;268
GO;52;07352;Edealina;3733;3733;4001;268
SP;35;20608;Indiana;4825;4825;5090;265
PR;41;24004;Santana do Itararé;5249;5249;5514;265
GO;52;19902;São Francisco de Goiás;6120;6114;6378;264
SP;35;45407;Salto Grande;8787;8787;9050;263
TO;17;12504;Marianópolis do Tocantins;4352;4352;4615;263
SP;35;39004;Pirangi;10623;10623;10885;262
MG;31;24906;Eugenópolis;10540;10540;10801;261
CE;23;00804;Antonina do Norte;6984;6984;7245;261
MT;51;01308;Arenápolis;10316;10316;10576;260
SC;42;14508;Rio do Campo;6192;6192;6452;260
PB;25;12788;Riacho de Santo Antônio;1722;1696;1955;259
SC;42;11454;Nova Itaberaba;4267;4278;4536;258
SP;35;25854;Jumirim;2798;2798;3056;258
TO;17;19004;Santa Tereza do Tocantins;2523;2523;2781;258
RS;43;15354;Quinze de Novembro;3653;3653;3910;257
MG;31;17603;Conceição do Pará;5158;5158;5415;257
ES;32;01704;Conceição do Castelo;11681;11681;11937;256
SC;42;18350;Treviso;3527;3527;3782;255
GO;52;09937;Inaciolândia;5699;5699;5954;255
MA;21;05658;Junco do Maranhão;4020;4891;5146;255
MG;31;54705;Ribeirão Vermelho;3826;3826;4080;254
MG;31;21001;Datas;5211;5211;5465;254
PB;25;12804;Riacho dos Cavalos;8314;8239;8493;254
SC;42;03501;Campo Erê;9370;9370;9623;253
RN;24;01404;Baía Formosa;8573;8573;8825;252
MG;31;71006;Vazante;19723;19723;19975;252
MG;31;65602;Senador Cortes;1988;1988;2240;252
RO;11;01492;São Francisco do Guaporé;16035;16035;16286;251
SC;42;02537;Bom Jesus;2526;2526;2777;251
TO;17;03867;Cariri do Tocantins;3756;3756;4007;251
BA;29;08606;Conde;23620;23403;23654;251
AL;27;05408;Monteirópolis;6935;6934;7184;250
SC;42;01653;Arvoredo;2260;2260;2510;250
MG;31;68051;Taparuba;3137;3137;3387;250
PI;22;02554;Caridade do Piauí;4826;4783;5033;250
MG;31;65206;São Tomé das Letras;6655;6655;6904;249
PI;22;05557;Lagoa Alegre;8008;8008;8256;248
PE;26;12455;Santa Cruz;13594;13594;13841;247
TO;17;03909;Caseara;4601;4601;4847;246
PR;41;00608;Alto Paraná;13663;13663;13909;246
PB;25;04702;Congo;4687;4687;4933;246
SP;35;13603;Cunha;21866;21866;22110;244
MA;21;02804;Carolina;23959;23818;24062;244
RS;43;16972;Santa Margarida do Sul;2352;2352;2596;244
MG;31;57336;Santa Cruz de Minas;7865;7865;8109;244
PR;41;05003;Catanduvas;10202;10202;10446;244
PB;25;03100;Cabaceiras;5035;5092;5335;243
PI;22;01705;Bertolínia;5319;5319;5562;243
SP;35;26308;Lagoinha;4841;4841;5083;242
CE;23;06009;Iracema;13722;13760;14001;241
PB;25;13406;Santa Luzia;14719;14719;14959;240
MG;31;44375;Natalândia;3280;3280;3520;240
MT;51;06703;Ponte Branca;1768;1768;2008;240
ES;32;05150;Vila Pavão;8672;8672;8911;239
CE;23;05308;Ibiapina;23808;23726;23965;239
SP;35;33007;Nova Granada;19180;19180;19419;239
MA;21;00105;Afonso Cunha;5905;5905;6144;239
RJ;33;05752;Tanguá;30732;30848;31086;238
SC;42;02081;Bandeirante;2906;2906;3144;238
AL;27;04104;Lagoa da Canoa;18250;18219;18457;238
PR;41;19400;Piraí do Sul;23424;23413;23651;238
BA;29;29750;Saubara;11201;11201;11438;237
MG;31;48905;Pedra do Indaiá;3875;3875;4112;237
BA;29;33158;Várzea Nova;13073;13141;13377;236
PE;26;02407;Brejão;8844;8844;9079;235
PB;25;01708;Barra de São Miguel;5611;5671;5906;235
BA;29;13309;Ichu;5255;5957;6190;233
PR;41;24608;São Carlos do Ivaí;6354;6354;6587;233
MG;31;40407;Marmelópolis;2968;2968;3200;232
SP;35;37701;Piacatu;5287;5287;5519;232
SP;35;40002;Pompéia;19964;19964;20196;232
PR;41;18600;Paula Freitas;5434;5434;5666;232
PR;41;19657;Pitangueiras;2814;2814;3046;232
RS;43;19356;São Pedro da Serra;3315;3316;3548;232
MG;31;60009;Santo Antônio do Aventureiro;3538;3538;3769;231
PB;25;07705;Juazeirinho;16776;16776;17007;231
SP;35;43204;Ribeirão do Sul;4446;4446;4677;231
PI;22;03255;Curralinhos;4183;4183;4413;230
PB;25;10709;Passagem;2233;2233;2463;230
MS;50;03504;Douradina;5364;5349;5578;229
RS;43;01875;Barra do Quaraí;4012;4012;4241;229
SP;35;36901;Pedranópolis;2558;2558;2787;229
CE;23;05654;Ipaporanga;11343;11347;11575;228
MG;31;25200;Fama;2350;2350;2578;228
MA;21;11102;São João dos Patos;24928;24793;25020;227
MG;31;59357;Santa Rita de Minas;6547;6547;6773;226
BA;29;22805;Nova Itarana;7435;7554;7780;226
MG;31;34103;Itueta;5830;5830;6055;225
RS;43;11700;Machadinho;5510;5510;5735;225
MS;50;03157;Coronel Sapucaia;14064;14064;14289;225
SC;42;02438;Bocaina do Sul;3290;3290;3515;225
MG;31;44508;Nazareno;7954;7954;8179;225
MT;51;08956;Nova Monte Verde;8093;8089;8313;224
PR;41;08007;Florestópolis;11222;11222;11446;224
BA;29;21104;Medeiros Neto;21560;21971;22194;223
MS;50;03306;Coxim;32159;31930;32151;221
SP;35;10104;Cândido Rodrigues;2668;2668;2889;221
MA;21;11763;Senador La Rocque;17998;14479;14700;221
PR;41;13809;Lupionópolis;4592;4592;4813;221
SP;35;25607;João Ramalho;4150;4150;4371;221
CE;23;06207;Itaiçaba;7316;7316;7536;220
GO;52;20157;São Luiz do Norte;4617;4617;4837;220
RS;43;06932;Entre-Ijuís;8938;8938;9158;220
RN;24;09209;Passagem;2895;2895;3115;220
PB;25;05006;Cubati;6866;7361;7580;219
RN;24;02501;Carnaubais;9762;9495;9714;219
SC;42;05191;Ermo;2050;2050;2269;219
MG;31;60959;São Domingos das Dores;5408;5408;5626;218
PB;25;00700;São João do Rio do Peixe;18201;17746;17964;218
MG;31;66303;Sericita;7128;7128;7345;217
PI;22;02711;Cocal de Telha;4525;4694;4911;217
PR;41;26702;Tamboara;4664;4664;4880;216
SP;35;35903;Paranapuã;3815;3815;4031;216
PI;22;05854;Madeiro;7816;7816;8032;216
TO;17;13957;Muricilândia;3152;3152;3367;215
SC;42;16255;São João do Oeste;6036;6080;6295;215
CE;23;01208;Aracoiaba;25391;25338;25553;215
MS;50;07703;Sete Quedas;10780;10780;10994;214
RN;24;08508;Ouro Branco;4699;4699;4913;214
RS;43;00802;Antônio Prado;12833;12831;13045;214
RS;43;14423;Picada Café;5182;5138;5351;213
SC;42;09458;Lajeado Grande;1490;1490;1702;212
PI;22;10706;Simões;14180;14138;14350;212
SP;35;46009;Santa Branca;13763;13763;13975;212
RS;43;18903;São Luiz Gonzaga;34556;34540;34752;212
RS;43;12674;Nicolau Vergueiro;1721;1721;1932;211
PI;22;03750;Fartura do Piauí;5074;5074;5284;210
MG;31;71154;Vermelho Novo;4689;4689;4899;210
RN;24;03707;Felipe Guerra;5734;5734;5944;210
SC;42;07205;Imaruí;11672;11673;11881;208
RS;43;16477;Salvador das Missões;2669;2669;2877;208
TO;17;15101;Novo Acordo;3762;3762;3969;207
MA;21;06102;Loreto;11390;11390;11597;207
PE;26;05301;Exu;31636;31636;31843;207
GO;52;04003;Cabeceiras;7354;7354;7560;206
SC;42;14151;Princesa;2758;2758;2964;206
PI;22;02406;Capitão de Campos;10953;10894;11100;206
RS;43;18499;São José do Inhacorá;2200;2200;2406;206
GO;52;05802;Corumbá de Goiás;10361;10357;10562;205
PI;22;01739;Betânia do Piauí;6015;6015;6220;205
TO;17;16208;Paranã;10338;10338;10542;204
SC;42;04400;Coronel Freitas;10213;10184;10388;204
RN;24;14902;Viçosa;1618;1618;1822;204
CE;23;08807;Moraújo;8070;8050;8254;204
SC;42;04103;Caxambu do Sul;4411;4411;4614;203
SP;35;35705;Paraíso;5898;5898;6099;201
PR;41;13601;Lobato;4401;4401;4601;200
SC;42;01257;Apiúna;9600;9611;9811;200
PI;22;00954;Aroeiras do Itaim;2440;2490;2690;200
BA;29;04209;Botuporã;11154;10824;11024;200
MG;31;65800;Senador José Bento;1868;1868;2068;200
MT;51;07776;Santa Terezinha;7397;7397;7596;199
ES;32;02009;Dores do Rio Preto;6397;6397;6596;199
PI;22;11506;Vera Mendes;2986;2986;3185;199
SP;35;47650;Santa Salete;1447;1447;1645;198
MG;31;02001;Alterosa;13717;13717;13915;198
SP;35;39905;Poloni;5395;5395;5592;197
SC;42;05001;Dionísio Cerqueira;14811;14811;15008;197
RS;43;19372;São Pedro do Butiá;2873;2873;3070;197
PB;25;07200;Itatuba;10201;10302;10499;197
BA;29;25402;Potiraguá;9810;10077;10274;197
SP;35;48302;Santo Expedito;2803;2803;3000;197
PI;22;10953;Tamboril do Piauí;2753;2753;2949;196
SC;42;17105;São Martinho;3209;3209;3405;196
SP;35;44103;Rio Grande da Serra;43974;43974;44170;196
SC;42;05357;Flor do Sertão;1588;1588;1783;195
PB;25;16102;Soledade;13739;13774;13968;194
SP;35;22158;Itaoca;3228;3228;3422;194
RS;43;13037;Nova Esperança do Sul;4671;4671;4865;194
SC;42;10035;Luzerna;5600;5600;5794;194
BA;29;02005;Aracatu;13743;13743;13936;193
MA;21;01939;Bernardo do Mearim;5996;5647;5840;193
PI;22;08650;Queimada Nova;8553;8546;8738;192
RS;43;23408;Vila Maria;4221;4221;4413;192
ES;32;00136;Águia Branca;9519;9519;9711;192
GO;52;05307;Cavalcante;9392;9392;9583;191
SP;35;47403;Santa Rita d'Oeste;2543;2543;2733;190
RS;43;00059;Água Santa;3722;3722;3912;190
MG;31;64902;São Sebastião do Rio Verde;2110;2110;2300;190
PB;25;13927;São Bentinho;4138;4138;4327;189
GO;52;19258;Santa Fé de Goiás;4762;4762;4951;189
SE;28;02601;Gracho Cardoso;5645;5645;5834;189
SE;28;06503;Santa Rosa de Lima;3749;3749;3937;188
MG;31;66204;Senhora dos Remédios;10196;10196;10384;188
SC;42;12056;Palmeira;2373;2373;2561;188
GO;52;12600;Mairipotaba;2374;2374;2561;187
SC;42;12239;Paraíso;4080;4080;4267;187
GO;52;03807;Britânia;5509;5509;5695;186
SC;42;15695;Santiago do Sul;1465;1465;1651;186
PI;22;06506;Monsenhor Hipólito;7391;7391;7577;186
MG;31;49507;Pequeri;3165;3165;3351;186
MG;31;48608;Peçanha;17260;17260;17446;186
MG;31;19708;Coronel Xavier Chaves;3301;3301;3486;185
PB;25;15005;São Miguel de Taipu;6696;6881;7066;185
TO;17;00251;Abreulândia;2391;2391;2576;185
PI;22;01101;Avelino Lopes;11067;10681;10866;185
SC;42;01273;Arabutã;4193;4193;4378;185
MA;21;04008;Esperantinópolis;18452;18126;18311;185
SP;35;04701;Balbinos;3702;3702;3887;185
GO;52;14879;Nova Iguaçu de Goiás;2826;2826;3010;184
PR;41;03156;Bom Jesus do Sul;3796;3796;3980;184
MG;31;62302;São João da Mata;2731;2731;2914;183
SC;42;04194;Chapadão do Lageado;2762;2767;2950;183
SP;35;48104;Santo Antônio do Jardim;5943;5943;6126;183
PR;41;03479;Cafezal do Sul;4290;4290;4473;183
AL;27;01209;Cacimbinhas;10195;10300;10482;182
SC;42;02206;Benedito Novo;10336;10338;10520;182
MA;21;10906;São Francisco do Maranhão;12146;11883;12064;181
RS;43;00570;Alto Feliz;2917;2891;3072;181
MG;31;42601;Monsenhor Paulo;8161;8161;8340;179
SP;35;27405;Lucélia;19882;19882;20061;179
RN;24;00703;Alto do Rodrigues;12305;12305;12484;179
RS;43;20305;Selbach;4929;4929;5107;178
PB;25;16151;Sossêgo;3169;3169;3345;176
SC;42;18251;Timbó Grande;7167;7167;7342;175
RN;24;06809;Lajes Pintadas;4612;4612;4787;175
MG;31;56205;Rochedo de Minas;2116;2116;2291;175
SC;42;18954;Urupema;2482;2482;2656;174
MG;31;09451;Cabeceira Grande;6453;6453;6627;174
MT;51;06802;Porto dos Gaúchos;5449;5420;5593;173
GO;52;03939;Buriti de Goiás;2560;2560;2732;172
GO;52;11008;Itapirapuã;7835;7835;8007;172
SE;28;03401;Japoatã;12938;13236;13407;171
RN;24;11429;Santana do Seridó;2526;2526;2696;170
MG;31;39706;Maravilhas;7163;7163;7333;170
PI;22;09658;São Francisco de Assis do Piauí;5567;5402;5572;170
PR;41;25902;São Pedro do Paraná;2491;2491;2661;170
SP;35;41653;Quadra;3236;3236;3405;169
TO;17;18709;Rio dos Bois;2570;2570;2738;168
SP;35;33700;Ocauçu;4163;4163;4331;168
MG;31;18205;Conquista;6526;6526;6694;168
PI;22;06100;Matias Olímpio;10473;10473;10641;168
BA;29;28307;Santanópolis;8776;8549;8716;167
MG;31;62252;São João da Lagoa;4656;4656;4822;166
TO;17;04600;Chapada de Areia;1335;1335;1501;166
MG;31;17836;Cônego Marinho;7101;7071;7237;166
SP;35;10906;Cássia dos Coqueiros;2634;2634;2799;165
SC;42;11876;Paial;1763;1763;1927;164
SP;35;01806;Américo de Campos;5706;5706;5870;164
MG;31;20508;Cristina;10210;10210;10374;164
MG;31;38708;Luminárias;5422;5422;5586;164
PB;25;17100;Várzea;2504;2504;2668;164
RS;43;05306;Chapada;9377;9377;9540;163
SP;35;46256;Santa Cruz da Esperança;1953;1953;2116;163
MG;31;06002;Bela Vista de Minas;10004;10004;10167;163
SP;35;12506;Coroados;5238;5238;5400;162
MG;31;29400;Ibertioga;5036;5036;5198;162
AM;13;00201;Atalaia do Norte;15153;15153;15314;161
MG;31;63607;São José do Mantimento;2592;2592;2753;161
BA;29;18902;Lajedão;3733;3685;3845;160
MG;31;21308;Descoberto;4768;4768;4928;160
MG;31;13800;Carmésia;2446;2446;2605;159
SP;35;24303;Jaboticabal;71662;71662;71821;159
SP;35;31605;Monte Castelo;4063;4063;4222;159
SP;35;10203;Capão Bonito;46178;46178;46337;159
MG;31;59704;Santa Rosa da Serra;3224;3224;3382;158
SP;35;01400;Álvaro de Carvalho;4650;4650;4808;158
PR;41;27965;Turvo;13811;14074;14231;157
RN;24;06155;Jundiá;3582;3582;3739;157
PB;25;02151;Boa Vista;6227;6221;6377;156
RO;11;00262;Rio Crespo;3316;3316;3471;155
PI;22;08502;Porto;11897;11897;12052;155
PI;22;00608;Angical do Piauí;6672;6672;6827;155
RS;43;14753;Poço das Antas;2017;2017;2171;154
MG;31;47808;Passa Vinte;2079;2079;2233;154
PB;25;16755;Tenório;2813;2813;2966;153
PB;25;17407;Zabelê;2075;2075;2228;153
RS;43;21329;Taquaruçu do Sul;2966;2966;3119;153
PR;41;09906;Icaraíma;8839;8839;8991;152
PR;41;09757;Ibema;6066;6066;6218;152
MG;31;52303;Porto Firme;10417;10417;10569;152
BA;29;08804;Contendas do Sincorá;4663;4181;4333;152
PR;41;23709;Santa Isabel do Ivaí;8760;8760;8912;152
MG;31;67400;Silvianópolis;6027;6027;6179;152
RN;24;02303;Caraúbas;19576;19576;19727;151
MG;31;02704;Cachoeira de Pajeú;8959;8959;9110;151
MG;31;04304;Areado;13731;13731;13881;150
PB;25;07804;Junco do Seridó;6643;6643;6793;150
GO;52;20280;São Patrício;1991;1993;2143;150
PI;22;03230;Currais;4704;4704;4854;150
PB;25;00734;Amparo;2088;2085;2234;149
PR;41;10409;Indianópolis;4299;4299;4448;149
MA;21;06508;Matinha;21885;21885;22034;149
PB;25;15708;Serra Grande;2975;2794;2942;148
SC;42;19358;Vitor Meireles;5207;5222;5370;148
RS;43;11981;Mariana Pimentel;3768;3768;3916;148
PB;25;15104;São Sebastião de Lagoa de Roça;11041;10893;11040;147
BA;29;31905;Tucano;52418;48589;48736;147
RJ;33;02452;Macuco;5269;5269;5415;146
RN;24;03509;Espírito Santo;10475;10475;10620;145
PB;25;13943;São Domingos do Cariri;2420;2441;2585;144
BA;29;29255;São Gabriel;18427;18456;18600;144
RS;43;21006;Tapera;10448;10448;10592;144
MG;31;60108;Santo Antônio do Grama;4085;4085;4229;144
RS;43;15800;Roca Sales;10284;10275;10418;143
RS;43;15750;Riozinho;4330;4330;4473;143
MG;31;62575;São João do Manteninha;5188;5188;5331;143
SP;35;09254;Cajati;28372;28372;28515;143
PI;22;01176;Barra D'Alcântara;3852;3852;3995;143
PI;22;11357;Várzea Branca;4913;4913;5055;142
BA;29;05305;Cafarnaum;17209;17324;17466;142
MG;31;09253;Bugre;3992;3900;4041;141
BA;29;02302;Aratuípe;8599;8536;8677;141
RN;24;13201;Senador Georgino Avelino;3924;3924;4065;141
ES;32;02256;Governador Lindenberg;10869;10869;11009;140
RS;43;11270;Lagoa dos Três Cantos;1598;1598;1738;140
MA;21;02036;Bom Jesus das Selvas;28459;28459;28599;140
MG;31;07703;Bom Jesus do Amparo;5491;5491;5631;140
SP;35;49300;São João do Pau d'Alho;2103;2103;2242;139
PI;22;01572;Belém do Piauí;3284;3284;3423;139
SP;35;54755;Trabiju;1544;1544;1682;138
SC;42;07577;Iomerê;2739;2739;2877;138
PA;15;07961;Terra Alta;10262;10262;10400;138
BA;29;33059;Várzea da Roça;13786;13663;13800;137
MG;31;63201;São José do Alegre;3996;3996;4133;137
MG;31;54309;Resplendor;17089;17089;17226;137
BA;29;07400;Catolândia;2612;3297;3434;137
GO;52;12253;Lagoa Santa;1254;1254;1390;136
MA;21;07258;Nova Colinas;4885;4885;5021;136
SP;35;55901;Uru;1251;1251;1387;136
PR;41;19251;Pinhal de São Bento;2625;2625;2761;136
MG;31;60801;São Bento Abade;4577;4577;4713;136
PA;15;05635;Piçarra;12697;12697;12832;135
SC;42;18905;Urubici;10699;10699;10834;135
MA;21;05989;Lajeado Novo;6923;6923;7057;134
PR;41;20903;Quedas do Iguaçu;30605;30605;30738;133
RN;24;00505;Alexandria;13507;13507;13640;133
SP;35;20707;Indiaporã;3903;3903;4035;132
RS;43;16501;Salvador do Sul;6747;6747;6879;132
RS;43;11304;Lagoa Vermelha;27525;27527;27659;132
PR;41;11100;Itambé;5979;5979;6111;132
TO;17;14302;Nazaré;4386;4390;4521;131
RS;43;01958;Barra Funda;2367;2367;2498;131
MG;31;67301;Silveirânia;2192;2192;2323;131
PR;41;12306;Japira;4903;4841;4972;131
PB;25;11400;Picuí;18222;18202;18333;131
PA;15;03044;Floresta do Araguaia;17768;17768;17898;130
PB;25;05501;Vista Serrana;3512;3511;3641;130
MA;21;10278;Santo Amaro do Maranhão;13820;13820;13949;129
MG;31;59506;Santa Rita do Itueto;5697;5697;5826;129
BA;29;11303;Gentio do Ouro;10622;10755;10884;129
MG;31;46503;Pains;8014;8014;8142;128
PB;25;14701;São José do Sabugi;4010;4010;4138;128
RS;43;11734;Mampituba;3003;3003;3131;128
RS;43;01404;Arvorezinha;10225;10194;10322;128
PR;41;25456;São José das Palmeiras;3830;3830;3957;127
TO;17;15507;Oliveira de Fátima;1037;1037;1164;127
SP;35;47106;Santa Mercedes;2831;2831;2956;125
SC;42;12403;Pedras Grandes;4107;4120;4245;125
SP;35;21705;Itaberá;17858;17858;17983;125
BA;29;22201;Muniz Ferreira;7317;7065;7190;125
BA;29;18704;Lafaiete Coutinho;3901;3950;4075;125
SC;42;14409;Rio das Antas;6143;6129;6253;124
MT;51;03304;Comodoro;18178;18114;18238;124
SE;28;03807;Malhada dos Bois;3456;3456;3579;123
RS;43;13359;Nova Roma do Sul;3343;3343;3466;123
PI;22;07793;Pau D'Arco do Piauí;3757;3757;3880;123
SP;35;27504;Lucianópolis;2249;2249;2372;123
PR;41;12959;Juranda;7641;7649;7771;122
PI;22;09757;São Gonçalo do Gurguéia;2825;2825;2947;122
MG;31;25002;Ewbank da Câmara;3753;3753;3875;122
BA;29;28059;Santa Luzia;13344;13776;13896;120
PR;41;07546;Espigão Alto do Iguaçu;4677;4677;4797;120
SC;42;11256;Morro Grande;2890;2890;3010;120
SC;42;15307;Salete;7370;7370;7489;119
RS;43;04101;Campos Borges;3494;3494;3613;119
PB;25;12705;Remígio;17581;17766;17885;119
SP;35;03356;Arco-Íris;1925;1925;2044;119
RN;24;13557;Serrinha dos Pintos;4540;4540;4659;119
RS;43;14464;Pinhal da Serra;2130;2130;2248;118
MG;31;45455;Olhos-d'Água;5267;5267;5385;118
BA;29;11006;Floresta Azul;10660;10941;11059;118
ES;32;00359;Alto Rio Novo;7317;7317;7434;117
SP;35;56800;Viradouro;17297;17297;17414;117
SE;28;06909;São Francisco;3393;3127;3243;116
PB;25;03803;Caldas Brandão;5637;5637;5753;116
PI;22;10508;São Pedro do Piauí;13639;13639;13755;116
MG;31;16407;Claraval;4542;4542;4658;116
CE;23;07403;Jucás;23807;23807;23922;115
PI;22;02752;Colônia do Gurguéia;6036;6036;6150;114
RS;43;11429;Lajeado do Bugre;2487;2487;2601;114
RS;43;14548;Pinto Bandeira;0;2609;2723;114
PI;22;04709;Inhuma;14845;14845;14958;113
PI;22;00806;Antônio Almeida;3039;3039;3152;113
MG;31;53301;Presidente Kubitschek;2959;2959;3071;112
PE;26;06309;Granito;6855;6855;6967;112
SP;35;14205;Dolcinópolis;2096;2096;2207;111
SP;35;16002;Flórida Paulista;12848;12848;12958;110
CE;23;09409;Novo Oriente;27453;27435;27545;110
PR;41;08106;Flórida;2543;2543;2652;109
PR;41;20358;Pranchita;5628;5628;5737;109
SE;28;02502;General Maynard;2929;2929;3037;108
SC;42;00903;Angelina;5250;5250;5358;108
RS;43;20354;Sentinela do Sul;5198;5198;5306;108
PR;41;22602;Rondon;8996;8989;9097;108
GO;52;11701;Jandaia;6164;6164;6272;108
BA;29;20304;Malhada de Pedras;8468;8563;8670;107
PI;22;05300;Jerumenha;4390;4390;4497;107
PI;22;02505;Caracol;10212;10212;10318;106
PI;22;02539;Caraúbas do Piauí;5525;5525;5630;105
PR;41;16000;Miraselva;1862;1862;1966;104
PR;41;15309;Mariópolis;6268;6268;6371;103
MS;50;07976;Taquarussu;3518;3522;3625;103
MG;31;35001;Jaguaraçu;2990;2990;3092;102
RS;43;17756;Santo Antônio do Planalto;1987;1987;2089;102
MA;21;09551;Ribamar Fiquene;7318;7318;7420;102
SP;35;07209;Borá;805;805;907;102
SC;42;19101;Vargeão;3532;3532;3634;102
RS;43;04671;Capivari do Sul;3890;3890;3991;101
MG;31;14600;Carrancas;3948;3948;4049;101
RN;24;06106;Jucurutu;17692;17692;17793;101
MG;31;22801;Dom Viçoso;2994;2994;3095;101
GO;52;13855;Morro Agudo de Goiás;2356;2356;2456;100
SP;35;51306;Sebastianópolis do Sul;3031;3031;3130;99
SE;28;00704;Brejo Grande;7742;7742;7841;99
GO;52;21304;Três Ranchos;2819;2822;2921;99
PI;22;00509;Amarante;17135;17135;17234;99
SC;42;05159;Doutor Pedrinho;3604;3539;3637;98
GO;52;01702;Aragarças;18305;18292;18390;98
PB;25;00502;Alagoinha;13576;13627;13725;98
RN;24;09506;Pedra Grande;3521;3521;3618;97
SP;35;57204;Chavantes;12114;12114;12211;97
BA;29;01304;Andaraí;13960;12983;13080;97
MG;31;25952;Fervedouro;10349;10349;10445;96
PR;41;15507;Marumbi;4603;4603;4699;96
PI;22;02455;Capitão Gervásio Oliveira;3878;3878;3974;96
TO;17;12454;Luzinópolis;2622;2622;2717;95
PR;41;08205;Formosa do Oeste;7541;7541;7635;94
MT;51;08204;Torixoréu;4071;4071;4164;93
SP;35;15657;Fernão;1563;1563;1656;93
PI;22;04808;Ipiranga do Piauí;9327;9327;9420;93
MG;31;14006;Carmo da Mata;10927;10927;11019;92
PR;41;27957;Tupãssi;7997;7985;8077;92
MG;31;03603;Arantina;2823;2823;2915;92
MG;31;22900;Dona Euzébia;6001;6001;6093;92
CE;23;07205;Jati;7660;7769;7861;92
TO;17;18899;Santa Rita do Tocantins;2128;2128;2219;91
CE;23;02057;Barroquinha;14476;14476;14567;91
PI;22;10409;São Miguel do Tapuio;18134;17463;17554;91
RN;24;11809;São Fernando;3401;3401;3492;91
SC;42;03105;Caibi;6219;6214;6304;90
SC;42;15406;Salto Veloso;4301;4301;4390;89
RS;43;06973;Erebango;2970;2965;3054;89
PI;22;03271;Curral Novo do Piauí;4869;4984;5073;89
MG;31;22405;Divisa Nova;5763;5763;5851;88
RN;24;03202;Doutor Severiano;6492;6956;7044;88
MG;31;11705;Canaã;4628;4628;4715;87
PR;41;02703;Barra do Jacaré;2727;2727;2814;87
PR;41;21257;Ramilândia;4134;4134;4221;87
GO;52;07535;Faina;6983;6983;7070;87
SP;35;17307;Guaimbê;5425;5425;5512;87
TO;17;05557;Combinado;4669;4669;4756;87
PR;41;02752;Bela Vista da Caroba;3945;3945;4031;86
RN;24;07609;Messias Targino;4188;4188;4274;86
GO;52;20058;São João da Paraúna;1689;1688;1774;86
TO;17;18907;Santa Rosa do Tocantins;4568;4568;4653;85
RN;24;09332;Santa Maria;4762;4762;4847;85
RN;24;02709;Cerro Corá;10916;10916;11000;84
CE;23;03204;Caririaçu;26393;26236;26320;84
SC;42;04756;Cunhataí;1882;1884;1968;84
GO;52;20702;Sítio d'Abadia;2825;2843;2927;84
RN;24;03756;Fernando Pedroza;2854;2854;2938;84
RS;43;12138;Mato Castelhano;2470;2470;2553;83
RN;24;00802;Angicos;11549;11549;11632;83
MG;31;00708;Água Comprida;2025;2025;2108;83
SP;35;52700;Tabatinga;14686;14686;14769;83
MG;31;20706;Cruzeiro da Fortaleza;3934;3438;3521;83
PI;22;09807;São Gonçalo do Piauí;4754;4754;4837;83
PB;25;06509;Gurjão;3159;3159;3242;83
RS;43;04713;Caraá;7312;7312;7394;82
RS;43;12955;Nova Boa Vista;1960;1960;2042;82
SP;35;51207;Sarutaiá;3622;3622;3704;82
PB;25;05352;Damião;4900;4900;4982;82
MA;21;09700;Sambaíba;5487;5487;5568;81
PI;22;11407;Várzea Grande;4336;4336;4417;81
SC;42;05431;Formosa do Sul;2601;2601;2682;81
MG;31;36959;Juvenília;5708;5708;5789;81
RS;43;10363;Imigrante;3023;3000;3080;80
PR;41;13007;Jussara;6610;6610;6690;80
MG;31;53509;Alto Jequitibá;8318;8318;8397;79
PI;22;09450;Santo Antônio dos Milagres;2059;2059;2138;79
SP;35;44707;Sagres;2395;2395;2474;79
MG;31;66907;Serrania;7542;7542;7621;79
MG;31;49606;Pequi;4076;4076;4155;79
SC;42;18103;Timbé do Sul;5308;5308;5386;78
TO;17;13304;Miranorte;12623;12623;12701;78
GO;52;14705;Nova América;2259;2259;2337;78
AL;27;05705;Olho d'Água das Flores;20364;20617;20695;78
MT;51;08303;União do Sul;3760;3760;3838;78
RS;43;12377;Monte Alegre dos Campos;3102;3102;3180;78
BA;29;01809;Antônio Gonçalves;11015;10785;10862;77
SP;35;14502;Duartina;12251;12251;12328;77
PR;41;13106;Kaloré;4506;4506;4582;76
PB;25;05402;Desterro;7991;7991;8067;76
TO;17;20937;Taipas do Tocantins;1945;1945;2021;76
GO;52;10158;Ipiranga de Goiás;2844;2843;2919;76
SP;35;55356;Ubarana;5289;5289;5365;76
SE;28;00209;Aquidabã;20056;20056;20131;75
PR;41;07603;Faxinal;16314;16314;16389;75
SE;28;06107;Rosário do Catete;9221;9221;9295;74
CE;23;05704;Ipaumirim;12009;12009;12083;74
CE;23;11009;Poranga;12001;11992;12065;73
SP;35;00600;Águas de São Pedro;2707;2707;2780;73
MA;21;11805;Sítio Novo;17002;17002;17074;72
RS;43;01859;Barra do Guarita;3089;3089;3161;72
PR;41;13205;Lapa;44932;44932;45003;71
MG;31;01201;Aiuruoca;6162;6162;6233;71
TO;17;18006;Porto Alegre do Tocantins;2796;2796;2866;70
MG;31;65404;Sapucaí-Mirim;6241;6241;6311;70
PE;26;03900;Carnaíba;18574;18574;18644;70
PI;22;05409;Joaquim Pires;13817;13817;13886;69
MG;31;56106;Ritápolis;4925;4925;4994;69
MG;31;53400;Presidente Olegário;18577;18697;18765;68
AL;27;01357;Campestre;6598;6598;6665;67
PR;41;02208;Atalaia;3913;3913;3980;67
RS;43;08854;Gentil;1677;1677;1744;67
SP;35;49250;São João de Iracema;1780;1780;1846;66
SP;35;29658;Mesópolis;1886;1886;1952;66
PI;22;06308;Miguel Leão;1253;1253;1318;65
MA;21;06375;Maranhãozinho;14065;13697;13761;64
PE;26;15201;Terra Nova;9278;8856;8920;64
SC;42;17758;Sul Brasil;2766;2768;2832;64
RS;43;18440;São Jorge;2774;2848;2912;64
SC;42;06751;Ibiam;1945;1945;2008;63
MG;31;16704;Coimbra;7054;7054;7117;63
SP;35;09908;Cananéia;12226;12226;12289;63
MG;31;26950;Frei Lagonegro;3329;3329;3391;62
PR;41;10805;Iretama;10622;10622;10684;62
RS;43;18432;São João do Polêsine;2635;2588;2649;61
BA;29;04506;Brotas de Macaúbas;10717;11705;11765;60
MG;31;04908;Baependi;18307;18307;18366;59
RS;43;11643;Linha Nova;1624;1624;1683;59
PE;26;08057;Jatobá;13963;13963;14020;57
SP;35;23305;Itariri;15471;15471;15528;57
SP;35;56958;Vitória Brasil;1737;1737;1794;57
GO;52;21908;Varjão;3659;3659;3716;57
SC;42;03154;Calmon;3387;3387;3443;56
SE;28;06800;São Domingos;10271;10271;10327;56
SP;35;16507;Gabriel Monteiro;2708;2708;2763;55
AL;27;02207;Coqueiro Seco;5526;5526;5581;55
PR;41;05300;Céu Azul;11032;11032;11087;55
PR;41;28609;Verê;7878;7878;7932;54
SC;42;01604;Arroio Trinta;3502;3502;3556;54
TO;17;18659;Rio da Conceição;1714;1714;1768;54
RS;43;10652;Itati;2584;2584;2638;54
SC;42;06108;Grão-Pará;6223;6223;6277;54
PB;25;13851;Santo André;2638;2569;2622;53
MG;31;41207;Matutina;3761;3761;3814;53
PB;25;04850;Coxixola;1771;1771;1824;53
SP;35;40259;Pontalinda;4074;4074;4127;53
MG;31;62005;São Gonçalo do Sapucaí;23906;23906;23959;53
RN;24;14308;Timbaúba dos Batistas;2295;2295;2348;53
RS;43;06205;Cruzeiro do Sul;12320;11549;11600;51
PI;22;07934;Pedro Laurentino;2407;2407;2458;51
PR;41;10508;Ipiranga;14150;14091;14142;51
RJ;33;01603;Duas Barras;10930;10930;10980;50
PB;25;05279;Curral de Cima;5209;5204;5254;50
PR;41;22305;Rio Negro;31274;31274;31324;50
RJ;33;05406;Sapucaia;17525;17679;17729;50
SP;35;20905;Ipaussu;13663;13663;13712;49
SC;42;09201;Lacerdópolis;2199;2199;2248;49
SE;28;04102;Moita Bonita;11001;11001;11050;49
SC;42;02578;Bom Jesus do Oeste;2132;2138;2187;49
PB;25;05238;Cuité de Mamanguape;6202;6202;6251;49
BA;29;31103;Tanquinho;8008;7669;7717;48
PI;22;03800;Flores do Piauí;4366;4366;4414;48
GO;52;04656;Campinaçu;3656;3660;3708;48
MA;21;04602;Governador Eugênio Barros;15991;13883;13930;47
MG;31;14105;Carmo de Minas;13750;13750;13797;47
SP;35;08801;Cafelândia;16607;16607;16654;47
PR;41;26652;Sulina;3394;3394;3440;46
PB;25;04074;Caraúbas;3899;3899;3944;45
TO;17;10904;Itapiratins;3532;3532;3577;45
PI;22;09559;São Braz do Piauí;4313;4313;4358;45
SP;35;15301;Estrela do Norte;2658;2658;2703;45
PR;41;01051;Anahy;2874;2874;2918;44
PB;25;15203;São Sebastião do Umbuzeiro;3235;3235;3279;44
PB;25;12606;Quixaba;1699;1699;1743;44
RS;43;14498;Pinheirinho do Vale;4497;4497;4540;43
MT;51;06109;Nossa Senhora do Livramento;11609;12897;12940;43
PR;41;00806;Alvorada do Sul;10283;10283;10326;43
PA;15;07474;São João de Pirabas;20647;20647;20689;42
MG;31;10202;Cajuri;4047;4047;4088;41
PR;41;06001;Congonhinhas;8279;8279;8320;41
MT;51;05200;Juscimeira;11430;11439;11480;41
GO;52;12105;Joviânia;7118;7118;7159;41
MG;31;20102;Couto de Magalhães de Minas;4204;4204;4245;41
MT;51;03437;Curvelândia;4866;4862;4903;41
MG;31;01300;Alagoa;2709;2709;2749;40
TO;17;20655;Silvanópolis;5068;5068;5108;40
PR;41;25555;São Manoel do Paraná;2098;2098;2138;40
MT;51;07404;São Pedro da Cipa;4158;4151;4191;40
PE;26;15904;Tuparetama;7925;7966;8005;39
RS;43;19711;São Valentim do Sul;2168;2168;2207;39
MG;31;01409;Albertina;2913;2913;2952;39
MG;31;09600;Cachoeira da Prata;3654;3654;3693;39
PE;26;01003;Angelim;10202;10202;10241;39
MG;31;70479;Uruana de Minas;3235;3243;3282;39
MG;31;64209;São Romão;10276;10276;10315;39
TO;17;20499;São Valério;4383;4383;4422;39
PI;22;06357;Milton Brandão;6769;6504;6542;38
RN;24;03004;Cruzeta;7967;7967;8005;38
RJ;33;03005;Miracema;26843;26843;26881;38
GO;52;14804;Nova Aurora;2062;2064;2101;37
BA;29;10776;Feira da Mata;6184;5595;5631;36
RN;24;01503;Barcelona;3950;3950;3986;36
GO;52;11602;Ivolândia;2663;2658;2693;35
MG;31;61007;São Domingos do Prata;17357;17357;17392;35
RN;24;12104;São João do Sabugi;5922;5922;5956;34
MG;31;33402;Itapagipe;13656;13656;13690;34
SC;42;04152;Celso Ramos;2771;2771;2805;34
RS;43;01503;Augusto Pestana;7096;7116;7149;33
SP;35;03950;Aspásia;1809;1809;1842;33
PR;41;21604;Renascença;6812;6812;6845;33
MG;31;44409;Natércia;4658;4658;4691;33
GO;52;15405;Ouro Verde de Goiás;4034;4025;4057;32
MG;31;22702;Dom Silvério;5196;5196;5228;32
AL;27;04807;Maribondo;13619;13648;13679;31
MG;31;39904;Maria da Fé;14216;14216;14247;31
MG;31;60504;Santo Antônio do Rio Abaixo;1777;1777;1808;31
RN;24;07708;Montanhas;11413;11413;11444;31
SC;42;17550;Serra Alta;3285;3272;3303;31
SE;28;04706;Nossa Senhora de Lourdes;6238;6238;6268;30
PI;22;01309;Barreiras do Piauí;3234;3234;3264;30
SC;42;15554;Santa Helena;2382;2395;2425;30
MG;31;66402;Seritinga;1789;1789;1819;30
MG;31;11150;Campo Azul;3684;3684;3714;30
RS;43;08003;Faxinal do Soturno;6672;6672;6702;30
BA;29;16609;Itapitanga;10207;10250;10279;29
PI;22;07306;Paes Landim;4059;4059;4088;29
SP;35;47205;Santana da Ponte Pensa;1641;1641;1670;29
AL;27;07909;Santa Luzia do Norte;6891;6891;6919;28
SP;35;43253;Ribeirão Grande;7422;7422;7450;28
PB;25;12077;Poço de José de Moura;3978;3978;4006;28
RS;43;07401;Esmeralda;3168;3168;3195;27
PE;26;16100;Verdejante;9142;9142;9169;27
MG;31;70008;Ubaí;11681;11681;11708;27
PI;22;02604;Castelo do Piauí;18336;19262;19288;26
MA;21;04503;Governador Archer;10205;10205;10231;26
MG;31;49408;Pedro Teixeira;1785;1785;1810;25
SP;35;52551;Suzanápolis;3383;3383;3408;25
RS;43;15172;Protásio Alves;2000;2000;2025;25
RS;43;23705;Vista Gaúcha;2759;2759;2783;24
PB;25;12200;Prata;3854;3891;3915;24
PR;41;02604;Barracão;9735;9735;9759;24
SC;42;02156;Belmonte;2635;2635;2658;23
SC;42;10902;Modelo;4045;4057;4080;23
BA;29;17359;Jaborandi;8973;9252;9275;23
MG;31;17207;Conceição das Pedras;2749;2749;2772;23
SC;42;15604;Santa Rosa de Lima;2065;2065;2088;23
SP;35;18107;Guarantã;6404;6404;6427;23
MS;50;02902;Cassilândia;20966;20966;20988;22
MG;31;45505;Olímpio Noronha;2533;2533;2555;22
PR;41;25100;São João do Triunfo;13704;13704;13726;22
TO;17;12157;Lavandeira;1605;1605;1626;21
SP;35;02309;Anhembi;5653;5653;5674;21
MG;31;23403;Doresópolis;1440;1440;1461;21
RS;43;23606;Vista Alegre do Prata;1569;1569;1590;21
RN;24;13805;Taboleiro Grande;2317;2317;2338;21
ES;32;04104;Pinheiros;23895;23895;23915;20
RJ;33;02106;Itaocara;22899;22899;22919;20
BA;29;19959;Maetinga;7038;6953;6973;20
PR;41;03206;Bom Sucesso;6561;6561;6581;20
RS;43;22558;Vanini;1984;1984;2004;20
MG;31;61502;São Geraldo;10263;10263;10282;19
RN;24;08805;Parazinho;4845;4782;4801;19
MG;31;27909;Grupiara;1373;1373;1392;19
MG;31;09105;Bueno Brandão;10892;10892;10911;19
RS;43;16733;Santa Cecília do Sul;1655;1655;1674;19
MT;51;00805;Apiacás;8567;8571;8590;19
RS;43;06056;Cristal;7280;7280;7299;19
MG;31;55009;Rio Doce;2465;2465;2484;19
SP;35;50506;São Pedro do Turvo;7198;7198;7217;19
CE;23;13351;Tejuçuoca;16827;17136;17154;18
PB;25;11004;Pedra Branca;3721;3721;3739;18
SP;35;14924;Elisiário;3120;3120;3138;18
SP;35;01202;Álvares Florence;3897;3897;3915;18
SP;35;31704;Monteiro Lobato;4120;4120;4138;18
MG;31;66600;Serra da Saudade;815;815;833;18
PI;22;06951;Novo Santo Antônio;3260;2809;2827;18
PR;41;09708;Ibaiti;28751;28813;28830;17
SC;42;14102;Presidente Nereu;2284;2284;2301;17
RN;24;14803;Vera Cruz;10719;10719;10735;16
SC;42;08708;Jacinto Machado;10609;10608;10624;16
MA;21;10302;Santo Antônio dos Lopes;14288;14288;14304;16
PB;25;14651;São José do Brejo do Cruz;1684;1684;1699;15
BA;29;01205;Anagé;25516;25423;25438;15
MG;31;16209;Chiador;2785;2785;2800;15
RN;24;07906;Monte das Gameleiras;2261;2261;2276;15
PI;22;05524;Júlio Borges;5373;5373;5388;15
MG;31;38401;Leopoldina;51130;51130;51145;15
RS;43;04655;Capão do Cipó;3104;3104;3119;15
GO;52;16452;Perolândia;2950;2950;2964;14
BA;29;23605;Paramirim;21001;20337;20351;14
SC;42;09607;Lauro Müller;14367;14367;14381;14
SE;28;02007;Divina Pastora;4326;4326;4340;14
RS;43;14076;Passo do Sobrado;6011;6011;6025;14
PR;41;22909;Salto do Itararé;5178;5178;5192;14
SP;35;49201;São João das Duas Pontes;2566;2566;2580;14
MG;31;29202;Heliodora;6121;6121;6134;13
RJ;33;05901;Trajano de Moraes;10289;10289;10302;13
RS;43;20552;Sertão Santana;5850;5850;5863;13
MG;31;15805;Centralina;10266;10195;10207;12
RS;43;06551;Dom Pedro de Alcântara;2550;2550;2562;12
PI;22;07751;Passagem Franca do Piauí;4546;4123;4135;12
TO;17;11803;Juarina;2231;2231;2243;12
SP;35;32900;Nova Europa;9300;9300;9311;11
BA;29;06204;Canarana;24067;24195;24206;11
SE;28;01900;Cumbe;3813;3813;3824;11
PR;41;22008;Rio Azul;14093;14015;14025;10
AP;16;00550;Pracuúba;3793;3793;3803;10
MG;31;11002;Campestre;20686;20686;20696;10
CE;23;05100;Guaramiranga;4164;5644;5654;10
PI;22;05359;João Costa;2960;2960;2970;10
RJ;33;02056;Italva;14063;14063;14073;10
MT;51;06315;Novo Santo Antônio;2005;2005;2015;10
BA;29;03235;Barro Alto;13612;13444;13453;9
PB;25;14602;São José do Bonfim;3233;3233;3242;9
GO;52;15207;Novo Brasil;3519;3519;3527;8
RN;24;14456;Triunfo Potiguar;3368;3368;3376;8
SC;42;08955;Jardinópolis;1766;1769;1776;7
RS;43;12427;Mormaço;2749;2749;2756;7
MG;31;68101;Tapira;4112;4112;4118;6
PI;22;10201;São José do Piauí;6591;6591;6597;6
SP;35;54706;Torrinha;9330;9330;9335;5
MG;31;40100;Marilac;4219;4219;4224;5
MG;31;41603;Mercês;10368;10368;10373;5
PE;26;02308;Bonito;37566;37469;37474;5
SP;35;55703;União Paulista;1599;1599;1603;4
SC;42;12601;Peritiba;2988;2988;2992;4
RJ;33;05604;Silva Jardim;21349;21349;21352;3
CE;23;06801;Jaguaribara;10399;10353;10356;3
RS;43;02253;Boa Vista do Sul;2776;2776;2779;3
PI;22;04501;Guadalupe;10268;10268;10270;2
SP;35;05203;Bariri;31593;31593;31595;2
BA;29;22300;Muritiba;28899;28705;28707;2
PB;25;12721;Pedro Régis;5765;5765;5766;1
MA;21;01806;Benedito Leite;5469;5469;5469;0
MG;31;14709;Carvalhópolis;3341;3341;3341;0
PA;15;04109;Magalhães Barata;8115;8115;8115;0
GO;52;06800;Damolândia;2747;2725;2724;-1
BA;29;17201;Ituaçu;18127;17915;17914;-1
RN;24;01859;Caiçara do Norte;6016;6295;6293;-2
SP;35;18008;Guarani d'Oeste;1970;1970;1968;-2
SC;42;10852;Mirim Doce;2513;2513;2511;-2
PR;41;03008;Boa Esperança;4568;4560;4558;-2
RN;24;14704;Várzea;5236;5236;5233;-3
SP;35;55802;Urânia;8836;8836;8833;-3
GO;52;01603;Araçu;3802;3802;3799;-3
TO;17;21208;Tocantinópolis;22619;22619;22615;-4
PI;22;05904;Manoel Emídio;5213;5213;5209;-4
RS;43;03673;Campestre da Serra;3247;3247;3242;-5
RN;24;00307;Afonso Bezerra;10844;10844;10839;-5
MG;31;70602;Vargem Bonita;2163;2163;2158;-5
MG;31;67004;Serranos;1995;1995;1990;-5
PI;22;08700;Redenção do Gurguéia;8400;8400;8394;-6
SP;35;15129;Emilianópolis;3020;3020;3014;-6
MG;31;38302;Leandro Ferreira;3205;3205;3199;-6
PB;25;10907;Paulista;11788;11840;11834;-6
MG;31;34806;Jacuí;7502;7502;7495;-7
RS;43;12179;Mato Queimado;1799;1802;1795;-7
RS;43;17301;Santa Vitória do Palmar;30990;30990;30983;-7
RS;43;04952;Caseiros;3007;3007;3000;-7
SP;35;07753;Brejo Alegre;2573;2573;2565;-8
PI;22;09500;Santo Inácio do Piauí;3648;3654;3646;-8
PE;26;02803;Buíque;52105;52105;52097;-8
RJ;33;03104;Natividade;15082;15082;15074;-8
SC;42;16008;São Carlos;10291;10291;10282;-9
PI;22;09203;Santa Filomena;6096;6096;6087;-9
PI;22;10938;Sussuapara;6229;6229;6220;-9
SP;35;19907;Iepê;7628;7628;7619;-9
TO;17;11951;Lagoa do Tocantins;3525;3525;3516;-9
MG;31;03306;Aracitaba;2058;2058;2049;-9
MG;31;25408;Felício dos Santos;5142;5142;5133;-9
PR;41;04428;Candói;14983;14983;14973;-10
PB;25;10600;Ouro Velho;2928;2928;2918;-10
SP;35;45100;Salmourão;4818;4818;4808;-10
PR;41;11308;Itaúna do Sul;3583;3583;3572;-11
MG;31;00401;Acaiaca;3920;3920;3909;-11
RN;24;05306;Januário Cicco;9011;9062;9051;-11
SC;42;10803;Meleiro;7000;7018;7006;-12
MG;31;23502;Douradoquara;1841;1841;1829;-12
SP;35;34104;Oriente;6097;6097;6085;-12
PB;25;14008;São João do Cariri;4344;4239;4226;-13
RS;43;07864;Fagundes Varela;2579;2579;2566;-13
GO;52;11206;Itapuranga;26125;26127;26113;-14
SP;35;20806;Inúbia Paulista;3630;3630;3615;-15
PE;26;10905;Pesqueira;62931;62737;62722;-15
PR;41;03057;Boa Vista da Aparecida;7911;7939;7924;-15
MG;31;00203;Abaeté;22690;22690;22675;-15
MG;31;43005;Monte Belo;13061;13061;13046;-15
SP;35;07159;Bom Sucesso de Itararé;3571;3571;3555;-16
SP;35;53500;Tapiraí;8012;8012;7996;-16
MG;31;29905;Ibitiúra de Minas;3382;3382;3365;-17
PE;26;00609;Alagoinha;13759;13559;13542;-17
PI;22;10359;São Lourenço do Piauí;4427;4427;4410;-17
GO;52;04201;Cachoeira de Goiás;1417;1422;1405;-17
RN;24;08607;Paraná;3952;3952;3934;-18
RS;43;10306;Ilópolis;4102;4175;4157;-18
SP;35;32827;Nova Campina;8515;8515;8497;-18
RO;11;01104;Itapuã do Oeste;8566;8566;8548;-18
MG;31;21100;Delfim Moreira;7971;7971;7952;-19
MG;31;02902;Antônio Carlos;11114;11114;11095;-19
SC;42;10555;Marema;2203;2203;2184;-19
MG;31;30705;Indianópolis;6190;6190;6171;-19
RS;43;12757;Nova Alvorada;3182;3182;3163;-19
MG;31;36504;Jordânia;10324;10324;10304;-20
MG;31;21506;Desterro do Melo;3015;3015;2994;-21
SP;35;34807;Ouro Verde;7800;7800;7779;-21
RS;43;04622;Capão Bonito do Sul;1754;1754;1733;-21
MG;31;70305;Umburatiba;2705;2705;2684;-21
SP;35;33106;Nova Guataporanga;2177;2177;2156;-21
PB;25;07408;Jericó;7538;7538;7516;-22
PI;22;04154;Francisco Macedo;2879;2951;2929;-22
RN;24;05108;Jandaíra;6801;6585;6562;-23
MG;31;25507;São Gonçalo do Rio Preto;3056;3056;3032;-24
PR;41;19707;Planaltina do Paraná;4095;4095;4070;-25
PA;15;06906;Santarém Novo;6141;6141;6116;-25
PB;25;13653;Joca Claudino;2615;2564;2539;-25
MG;31;66956;Serranópolis de Minas;4425;4425;4399;-26
MG;31;28600;Guarda-Mor;6565;6565;6539;-26
SE;28;02700;Ilha das Flores;8348;8348;8321;-27
SC;42;07858;Irati;2096;2096;2069;-27
MG;31;23858;Entre Folhas;5175;5207;5179;-28
TO;17;17008;Pindorama do Tocantins;4506;4506;4478;-28
SP;35;44400;Rubiácea;2729;2729;2700;-29
RS;43;05587;Colinas;2420;2452;2423;-29
RN;24;10801;Riacho de Santana;4156;4156;4127;-29
PR;41;01655;Arapuã;3561;3557;3527;-30
PR;41;16901;Nova Esperança;26615;26615;26585;-30
MG;31;14907;Casa Grande;2244;2244;2214;-30
PR;41;28633;Doutor Ulysses;5727;5727;5697;-30
MG;31;45406;Olaria;1976;1976;1945;-31
MG;31;71402;Vieiras;3731;3731;3700;-31
MG;31;00906;Águas Formosas;18479;18479;18448;-31
PE;26;03306;Calçado;11125;11125;11093;-32
PA;15;04406;Marapanim;26605;26605;26573;-32
MS;50;00252;Alcinópolis;4569;4569;4537;-32
BA;29;22250;Muquém do São Francisco;10272;10475;10443;-32
PB;25;12036;Poço Dantas;3751;3863;3830;-33
RS;43;12500;Mostardas;12124;12124;12090;-34
RN;24;00406;Água Nova;2980;2980;2946;-34
MG;31;27354;Glaucilândia;2962;2962;2928;-34
PR;41;09104;Guaporema;2219;2226;2191;-35
SP;35;28304;Magda;3200;3200;3165;-35
SC;42;09805;Leoberto Leal;3365;3365;3330;-35
PR;41;13429;Lidianópolis;3973;3973;3938;-35
PI;22;07850;Pavussu;3663;3663;3628;-35
BA;29;17409;Jacaraci;13651;14473;14436;-37
GO;52;06602;Cumari;2964;2964;2927;-37
PR;41;27882;Tunas do Paraná;6256;6256;6219;-37
MG;31;44359;Naque;6341;6341;6303;-38
RS;43;05157;Cerro Grande;2417;2417;2379;-38
PB;25;10501;Olivedos;3627;3618;3580;-38
SC;42;15059;Rio Rufino;2436;2436;2397;-39
RN;24;07401;Martins;8218;8218;8179;-39
RN;24;11502;Santo Antônio;22216;22216;22177;-39
PB;25;04504;Condado;6584;6491;6451;-40
RN;24;01909;Caiçara do Rio do Vento;3308;3308;3268;-40
SP;35;52601;Tabapuã;11363;11363;11323;-40
RN;24;13300;Serra de São Bento;5743;5743;5703;-40
MA;21;01350;Bacurituba;5293;5293;5252;-41
TO;17;11100;Itaporã do Tocantins;2445;2445;2404;-41
PR;41;26207;Sapopema;6736;6736;6695;-41
MA;21;04073;Feira Nova do Maranhão;8126;8089;8048;-41
PI;22;07405;Palmeira do Piauí;4993;4993;4952;-41
MA;21;08108;Paulo Ramos;20079;20383;20341;-42
RN;24;04804;Ipueira;2077;2077;2035;-42
PI;22;09906;São João da Serra;6157;6157;6114;-43
RS;43;12351;Montauri;1542;1542;1499;-43
MG;31;61304;São Francisco de Sales;5776;5776;5732;-44
PR;41;08957;Guamiranga;7900;7900;7856;-44
MS;50;02605;Camapuã;13625;13628;13583;-45
MG;31;50109;Piau;2841;2841;2796;-45
SC;42;13906;Presidente Castello Branco;1725;1734;1689;-45
CE;23;10308;Parambu;31309;31491;31445;-46
GO;52;12808;Mara Rosa;10649;10746;10700;-46
CE;23;04608;General Sampaio;6218;6780;6734;-46
RS;43;07450;Esperança do Sul;3272;3272;3226;-46
PE;26;09006;Macaparana;23925;23925;23879;-46
RS;43;14134;Paulo Bento;2196;2191;2144;-47
SP;35;04404;Avanhandava;11310;11310;11263;-47
MG;31;06606;Bertópolis;4498;4498;4451;-47
MG;31;17405;Conceição de Ipanema;4456;4456;4409;-47
SP;35;32157;Nantes;2707;2707;2660;-47
RS;43;08052;Faxinalzinho;2567;2567;2520;-47
SC;42;10050;Macieira;1826;1826;1778;-48
RS;43;17558;Santo Antônio do Palma;2139;2139;2091;-48
RS;43;00554;Alto Alegre;1848;1848;1800;-48
TO;17;09807;Ipueiras;1639;1639;1590;-49
RS;43;02584;Bozano;2200;2200;2151;-49
MG;31;14550;Carneirinho;9471;9471;9422;-49
MA;21;11748;Senador Alexandre Costa;10256;10256;10207;-49
MG;31;30804;Ingaí;2629;2629;2580;-49
PI;22;08601;Prata do Piauí;3085;3092;3042;-50
MG;31;04452;Aricanduva;4770;4770;4719;-51
PI;22;01051;Assunção do Piauí;7503;7503;7452;-51
RN;24;02105;Campo Redondo;10266;10266;10215;-51
MA;21;13009;Vitorino Freire;31658;30897;30845;-52
SP;35;27900;Lutécia;2714;2714;2661;-53
RS;43;20800;Soledade;30044;30044;29991;-53
RS;43;07054;Ernestina;3088;3088;3034;-54
SP;35;45506;Sandovalina;3699;3699;3645;-54
SC;42;10308;Major Vieira;7479;7479;7425;-54
RN;24;04101;Galinhos;2159;2159;2104;-55
SC;42;00051;Abdon Batista;2653;2653;2598;-55
PB;25;13307;Santa Helena;5369;5920;5865;-55
RS;43;11791;Maratá;2527;2527;2470;-57
BA;29;18308;Jitaúna;14115;14413;14355;-58
PI;22;08205;Pio IX;17671;17671;17613;-58
RS;43;20701;Sobradinho;14283;14285;14226;-59
TO;17;12801;Maurilândia do Tocantins;3154;3154;3095;-59
MG;31;59902;Santo Antônio do Amparo;17345;17345;17285;-60
SC;42;15752;São Bernardino;2677;2744;2684;-60
SP;35;50001;São Luiz do Paraitinga;10397;10397;10337;-60
AM;13;02207;Juruá;10802;10802;10742;-60
RS;43;18507;São José do Norte;25503;25503;25443;-60
SC;42;15901;São Bonifácio;3008;3008;2946;-62
MG;31;03207;Araçaí;2243;2243;2181;-62
PR;41;12702;Jataizinho;11875;11875;11813;-62
SP;35;32868;Nova Castilho;1125;1125;1062;-63
SC;42;05555;Frei Rogério;2474;2474;2411;-63
MG;31;67806;Soledade de Minas;5676;5676;5613;-63
MG;31;45356;Novo Oriente de Minas;10339;10339;10275;-64
MA;21;10104;Santa Quitéria do Maranhão;29191;24021;23957;-64
SP;35;05351;Barra do Chapéu;5244;5244;5179;-65
SC;42;10209;Major Gercino;3279;3279;3214;-65
MG;31;67905;Tabuleiro;4079;4079;4014;-65
PI;22;04105;Francisco Ayres;4477;4477;4412;-65
RN;24;06007;José da Penha;5868;5868;5803;-65
PR;41;12603;Jardim Olinda;1409;1409;1343;-66
RS;43;14159;Paverama;8044;8044;7978;-66
SP;35;08306;Cabrália Paulista;4365;4365;4299;-66
RS;43;17806;Santo Augusto;13968;13968;13902;-66
MS;50;05608;Miranda;25595;25602;25536;-66
PB;25;04108;Carrapateira;2378;2378;2312;-66
SP;35;34500;Oscar Bressane;2537;2537;2470;-67
RS;43;09654;Hulha Negra;6043;6043;5976;-67
RS;43;06429;Dois Irmãos das Missões;2157;2157;2090;-67
MG;31;47600;Passa Quatro;15582;15582;15515;-67
MG;31;58003;Santa Maria de Itabira;10552;10552;10485;-67
RS;43;07500;Espumoso;15240;15240;15173;-67
GO;52;20405;São Simão;17088;17088;17020;-68
PI;22;05607;Landri Sales;5281;5281;5213;-68
BA;29;02054;Araçás;11561;11625;11557;-68
PR;41;03404;Cafeara;2695;2695;2627;-68
SP;35;06201;Bento de Abreu;2674;2674;2606;-68
PI;22;06407;Monsenhor Gil;10333;10324;10255;-69
SP;35;13850;Dirce Reis;1689;1689;1620;-69
TO;17;20002;Santa Terezinha do Tocantins;2474;2475;2406;-69
PR;41;06704;Cruzeiro do Sul;4563;4563;4494;-69
MG;31;30051;Icaraí de Minas;10746;10746;10677;-69
PI;22;06654;Morro Cabeça no Tempo;4068;4447;4377;-70
RS;43;18606;São José do Ouro;6904;6904;6834;-70
RJ;33;01207;Carmo;17434;17269;17198;-71
SP;35;53906;Tarabai;6607;6607;6536;-71
RS;43;05959;Cotiporã;3917;3917;3846;-71
MG;31;71105;Veríssimo;3483;3483;3411;-72
RJ;33;04409;Rio Claro;17425;17473;17401;-72
SC;42;01802;Atalanta;3300;3300;3227;-73
RS;43;23358;Vila Lângaro;2152;2152;2079;-73
SC;42;00507;Águas de Chapecó;6110;6110;6036;-74
CE;23;00606;Altaneira;6856;6856;6782;-74
PI;22;06670;Morro do Chapéu do Piauí;6499;6499;6425;-74
SP;35;39608;Planalto;4463;4463;4389;-74
PB;25;16607;Tavares;14103;14176;14101;-75
GO;52;13400;Moiporá;1763;1760;1685;-75
MG;31;28808;Guidoval;7206;7206;7131;-75
MA;21;09056;Porto Rico do Maranhão;6030;6030;5954;-76
GO;52;13053;Mimoso de Goiás;2685;2690;2614;-76
SP;35;00303;Aguaí;32148;32148;32072;-76
GO;52;12006;Jaupaci;3000;3000;2924;-76
PI;22;08858;Riacho Frio;4241;4241;4165;-76
PI;22;05516;Juazeiro do Piauí;4757;5290;5214;-76
GO;52;15801;Palmelo;2335;2335;2259;-76
PI;22;02117;Campo Alegre do Fidalgo;4693;4693;4616;-77
CE;23;09904;Pacujá;5986;6253;6175;-78
SC;42;10704;Matos Costa;2839;2839;2761;-78
GO;52;00506;Aloândia;2051;2051;1973;-78
PR;41;01606;Arapoti;25855;25855;25777;-78
PB;25;06251;Gado Bravo;8376;8258;8179;-79
SC;42;06603;Guarujá do Sul;4908;4908;4829;-79
MS;50;03108;Corguinho;4862;4862;4783;-79
SP;35;52304;Sud Mennucci;7435;7435;7355;-80
RS;43;00661;André da Rocha;1216;1216;1135;-81
BA;29;10750;Fátima;17652;17976;17895;-81
PB;25;13000;Salgadinho;3508;3436;3355;-81
PB;25;10006;Nazarezinho;7280;7284;7203;-81
MA;21;05948;Lago dos Rodrigues;7794;8840;8758;-82
SP;35;32843;Nova Canaã Paulista;2114;2114;2032;-82
RS;43;00901;Aratiba;6565;6565;6483;-82
MG;31;54408;Ressaquinha;4711;4630;4548;-82
SP;35;11904;Clementina;7065;7065;6982;-83
PR;41;01853;Ariranha do Ivaí;2453;2413;2329;-84
MG;31;46602;Paiva;1558;1558;1474;-84
PE;26;07406;Itacuruba;4369;4369;4284;-85
SP;35;40101;Pongaí;3481;3481;3395;-86
RS;43;08433;Forquetinha;2479;2479;2393;-86
MG;31;50208;Piedade de Ponte Nova;4062;4062;3976;-86
PI;22;03453;Dom Inocêncio;9245;9245;9159;-86
MG;31;45802;Onça de Pitangui;3055;3055;2969;-86
MT;51;01209;Araguainha;1096;1096;1010;-86
PR;41;10904;Itaguajé;4568;4568;4481;-87
SP;35;15194;Espírito Santo do Turvo;4244;4244;4157;-87
PB;25;06202;Frei Martinho;2933;2933;2846;-87
PR;41;21109;Quinta do Sol;5088;5088;5001;-87
MG;31;62658;São João do Pacuí;4060;4060;3972;-88
MA;21;03109;Cedral;10297;10297;10208;-89
RJ;33;04607;Santa Maria Madalena;10321;10321;10232;-89
PI;22;02091;Caldeirão Grande do Piauí;5671;5592;5503;-89
PR;41;15903;Mirador;2327;2327;2238;-89
MA;21;12274;Tufilândia;5596;5596;5507;-89
TO;17;03602;Brasilândia do Tocantins;2064;2064;1974;-90
MG;31;44706;Nova Era;17528;17528;17438;-90
PA;15;03200;Igarapé-Açu;35887;35887;35797;-90
SC;42;11850;Ouro Verde;2271;2271;2181;-90
PR;41;22172;Rio Branco do Ivaí;3898;3898;3808;-90
MA;21;04305;Godofredo Viana;10635;10276;10186;-90
PR;41;10052;Iguatu;2234;2234;2144;-90
MG;31;53806;Queluzito;1861;1861;1770;-91
PI;22;05573;Lagoa de São Francisco;6422;6422;6331;-91
RN;24;05009;Jaçanã;7925;7925;7834;-91
PR;41;26900;Tapira;5836;5836;5745;-91
PR;41;14708;Maria Helena;5956;5956;5865;-91
PR;41;03222;Bom Sucesso do Sul;3293;3293;3202;-91
PI;22;05532;Jurema;4517;4517;4425;-92
MG;31;08404;Botelhos;14920;14920;14828;-92
RS;43;12625;Muliterno;1813;1813;1721;-92
MG;31;08008;Bom Sucesso;17243;17243;17151;-92
SC;42;15075;Riqueza;4838;4860;4768;-92
SC;42;13351;Ponte Alta do Norte;3303;3303;3210;-93
SC;42;09854;Lindóia do Sul;4642;4642;4549;-93
MG;31;12901;Caputira;9030;9030;8936;-94
TO;17;06258;Crixás do Tocantins;1564;1564;1470;-94
BA;29;26707;Rio de Contas;13007;13278;13184;-94
PR;41;03040;Boa Ventura de São Roque;6554;6472;6378;-94
PR;41;23600;Santa Inês;1818;1842;1748;-94
RJ;33;01405;Conceição de Macabu;21211;21200;21104;-96
PB;25;12309;Princesa Isabel;21283;21210;21114;-96
GO;52;01207;Anhanguera;1020;1020;924;-96
MG;31;45703;Oliveira Fortes;2123;2123;2027;-96
SP;35;40408;Populina;4223;4223;4127;-96
GO;52;21700;Uruana;13826;13826;13729;-97
MG;31;58706;Santana do Garambéu;2234;2234;2137;-97
RS;43;08458;Fortaleza dos Valos;4575;4575;4477;-98
MG;31;12703;Capitão Enéas;14206;14206;14108;-98
RS;43;00471;Almirante Tamandaré do Sul;2067;2067;1969;-98
MG;31;41900;Minduri;3840;3840;3741;-99
MG;31;11309;Campo do Meio;11476;11476;11377;-99
RS;43;12054;Marques de Souza;4068;4068;3969;-99
MT;51;07578;Rondolândia;3604;3604;3505;-99
SP;35;14957;Embaúba;2423;2423;2323;-100
MG;31;70651;Vargem Grande do Rio Pardo;4733;4733;4633;-100
MG;31;28105;Guapé;13872;13872;13772;-100
PR;41;12900;Jundiaí do Sul;3433;3433;3333;-100
RN;24;06403;Lagoa de Velhos;2668;2668;2567;-101
ES;32;05176;Vila Valério;13830;13830;13728;-102
GO;52;19506;Santa Rosa de Goiás;2909;2922;2820;-102
RS;43;22525;Vale Verde;3253;3253;3150;-103
RS;43;22327;Turuçu;3522;3522;3419;-103
PI;22;10383;São Miguel da Baixa Grande;2110;2373;2269;-104
TO;17;02703;Aurora do Tocantins;3446;3446;3342;-104
PR;41;07405;Enéas Marques;6103;6103;5999;-104
RS;43;19737;São Valério do Sul;2647;2647;2543;-104
SC;42;06801;Ibicaré;3373;3373;3269;-104
PI;22;05151;Jacobina do Piauí;5722;5717;5613;-104
SC;42;04905;Descanso;8634;8634;8530;-104
PE;26;04700;Correntes;17419;17235;17131;-104
MG;31;03702;Araponga;8152;8152;8048;-104
SP;35;44608;Sabino;5217;5217;5112;-105
SE;28;00100;Amparo do São Francisco;2275;2275;2170;-105
MG;31;50307;Piedade do Rio Grande;4709;4709;4604;-105
TO;17;20978;Talismã;2562;2562;2456;-106
PB;25;06400;Gurinhém;13872;13872;13766;-106
CE;23;01851;Banabuiú;17315;17302;17195;-107
SP;35;53658;Taquaral;2726;2726;2619;-107
PI;22;10300;São Julião;5675;6132;6025;-107
AL;27;00805;Belém;4551;4829;4722;-107
SC;42;11652;Novo Horizonte;2750;2750;2643;-107
RS;43;13086;Nova Pádua;2450;2450;2343;-107
PR;41;16505;Nova Aliança do Ivaí;1431;1431;1323;-108
MG;31;36553;José Raydan;4376;4376;4268;-108
RS;43;00703;Anta Gorda;6073;6066;5957;-109
RS;43;12617;Muitos Capões;2988;2988;2879;-109
PR;41;28500;Wenceslau Braz;19298;19298;19188;-110
RN;24;04002;Frutuoso Gomes;4233;4233;4122;-111
RS;43;13466;Novo Xingu;1757;1757;1646;-111
RS;43;12385;Monte Belo do Sul;2670;2668;2557;-111
RS;43;12443;Morrinhos do Sul;3182;3182;3071;-111
PI;22;07959;Nova Santa Rita;4187;4187;4076;-111
SP;35;55208;Turiúba;1930;1930;1818;-112
PI;22;07553;Paquetá;4147;3925;3813;-112
RS;43;17954;Santo Expedito do Sul;2461;2461;2349;-112
MG;31;58607;Santana do Deserto;3860;3860;3747;-113
SP;35;14700;Echaporã;6318;6318;6205;-113
RN;24;11700;São Bento do Trairí;3905;3905;3792;-113
PB;25;00106;Água Branca;9449;9449;9335;-114
PB;25;02201;Bom Jesus;2400;2400;2286;-114
PB;25;10303;Nova Palmeira;4361;4373;4259;-114
TO;17;03883;Carmolândia;2316;2316;2201;-115
SP;35;01509;Alvinlândia;3000;3000;2885;-115
GO;52;07501;Estrela do Norte;3320;3320;3205;-115
MG;31;18106;Congonhas do Norte;4943;4946;4831;-115
RS;43;16428;Sagrada Família;2595;2595;2480;-115
AL;27;02009;Coité do Nóia;10926;10926;10810;-116
MG;31;57658;Santa Helena de Minas;6055;6055;5938;-117
MA;21;04701;Graça Aranha;6140;6140;6023;-117
MG;31;22470;Dom Bosco;3814;3814;3697;-117
PR;41;26108;São Tomé;5349;5349;5232;-117
SC;42;18855;União do Oeste;2910;2892;2774;-118
RS;43;14704;Planalto;10524;10524;10406;-118
BA;29;10305;Elísio Medrado;7947;7926;7808;-118
RS;43;05934;Coronel Pilar;1725;1725;1607;-118
SP;35;03505;Areias;3696;3696;3577;-119
ES;32;00300;Alfredo Chaves;13955;13955;13836;-119
RN;24;01651;Bodó;2425;2425;2306;-119
PR;41;00202;Adrianópolis;6376;6376;6256;-120
PR;41;07520;Esperança Nova;1970;1970;1849;-121
SC;42;19200;Vidal Ramos;6290;6310;6189;-121
PB;25;10659;Parari;1256;1842;1720;-122
MT;51;07941;Tabaporã;9932;9942;9818;-124
MG;31;35803;Jequitinhonha;24131;24131;24007;-124
SP;35;11201;Catiguá;7127;7127;7003;-124
MG;31;53707;Quartel Geral;3303;3303;3179;-124
MG;31;69059;Tocos do Moji;3950;3950;3826;-124
PI;22;04550;Guaribas;4401;4401;4276;-125
RS;43;12252;Minas do Leão;7631;7631;7505;-126
MA;21;06003;Lima Campos;11423;11423;11297;-126
AP;16;00105;Amapá;8069;8069;7943;-126
PI;22;01988;Brejo do Piauí;3850;4030;3904;-126
MG;31;44904;Nova Módica;3790;3790;3663;-127
MG;31;50570;Pintópolis;7211;7211;7084;-127
SC;42;03253;Capão Alto;2753;2753;2625;-128
SC;42;17154;São Miguel da Boa Vista;1904;1909;1781;-128
RN;24;10603;Rafael Godeiro;3063;3063;2934;-129
MG;31;15607;Cedro do Abaeté;1210;1210;1081;-129
RS;43;19364;São Pedro das Missões;1886;1886;1757;-129
TO;17;07652;Figueirópolis;5340;5340;5211;-129
PI;22;05250;Jardim do Mulato;4309;4309;4180;-129
PI;22;09609;São Félix do Piauí;3069;2972;2842;-130
MA;21;08702;Pio XII;22016;22016;21886;-130
RS;43;05405;Chiapetta;4044;4044;3913;-131
GO;52;00175;Água Fria de Goiás;5090;5085;4954;-131
RS;43;01073;Arroio do Padre;2730;2730;2599;-131
SP;35;40309;Pontes Gestal;2518;2518;2387;-131
RS;43;13441;Novo Tiradentes;2277;2277;2146;-131
SC;42;02131;Bela Vista do Toldo;6004;6004;5872;-132
TO;17;16653;Pequizeiro;5054;5054;4921;-133
MG;31;03108;Antônio Prado de Minas;1671;1671;1538;-133
MG;31;58409;Santana de Cataguases;3622;3622;3489;-133
PB;25;14107;São João do Tigre;4396;4396;4263;-133
RS;43;17400;Santiago;49071;49071;48938;-133
RS;43;06072;Cristal do Sul;2826;2826;2692;-134
MG;31;14808;Carvalhos;4556;4556;4422;-134
BA;29;13101;Ibititá;17840;17103;16969;-134
RS;43;06759;Doutor Ricardo;2030;2022;1888;-134
PB;25;15609;Serra da Raiz;3204;3228;3094;-134
SP;35;23701;Itirapuã;5914;5914;5779;-135
AL;27;07008;Pindoba;2866;2866;2731;-135
MG;31;48806;Pedra do Anta;3365;3446;3311;-135
RS;43;15131;Pouso Novo;1875;1875;1739;-136
SP;35;37156;Pedrinhas Paulista;2940;2940;2804;-136
PI;22;00277;Alegrete do Piauí;5153;4771;4634;-137
PR;41;22107;Rio Bom;3334;3334;3197;-137
GO;52;19209;Santa Cruz de Goiás;3142;3140;3002;-138
BA;29;05107;Caém;10368;10522;10384;-138
GO;52;09457;Guarinos;2299;2299;2161;-138
GO;52;21577;Uirapuru;2933;2936;2798;-138
SC;42;11892;Painel;2353;2353;2215;-138
RS;43;21352;Tavares;5351;5351;5212;-139
SC;42;11009;Mondaí;10231;10205;10066;-139
PI;22;06209;Miguel Alves;32289;32289;32150;-139
RS;43;13003;Nova Bréscia;3184;3184;3044;-140
SE;28;06008;Ribeirópolis;17173;17173;17033;-140
PR;41;03958;Campina do Simão;4076;4076;3936;-140
PI;22;11605;Vila Nova do Piauí;3076;3076;2935;-141
RS;43;20321;Senador Salgado Filho;2814;2814;2673;-141
MG;31;32800;Itambé do Mato Dentro;2283;2283;2142;-141
AL;27;05804;Olho d'Água do Casado;8491;8491;8349;-142
PE;26;09303;Mirandiba;14308;14308;14166;-142
PB;25;14503;São José de Piranhas;19096;19209;19067;-142
PR;41;03305;Borrazópolis;7878;7878;7735;-143
RN;24;06908;Lucrécia;3633;3633;3490;-143
MG;31;25705;Felixlândia;14121;14121;13978;-143
PR;41;17107;Nova Londrina;13067;13067;12923;-144
MG;31;03801;Arapuá;2775;2775;2631;-144
RS;43;07831;Eugênio de Castro;2798;2778;2633;-145
PR;41;06571;Cruzeiro do Iguaçu;4278;4278;4133;-145
RN;24;13508;Serrinha;6581;6581;6436;-145
AL;27;03908;Jundiá;4202;4237;4092;-145
MG;31;15003;Cascalho Rico;2857;2857;2712;-145
BA;29;32408;Uibaí;13625;13578;13432;-146
MG;31;49200;Pedrinópolis;3490;3490;3344;-146
MA;21;00808;Anapurus;13939;13939;13793;-146
RS;43;05702;Condor;6552;6552;6406;-146
PI;22;10391;São Miguel do Fidalgo;2976;2976;2829;-147
GO;52;19357;Santa Isabel;3686;3686;3538;-148
PE;26;09501;Nazaré da Mata;30796;30796;30648;-148
PI;22;03859;Floresta do Piauí;2482;2482;2333;-149
SC;42;00754;Alto Bela Vista;2005;2005;1856;-149
RN;24;09605;Pedra Preta;2590;2590;2441;-149
RJ;33;04102;Porciúncula;17760;17437;17288;-149
SC;42;07908;Irineópolis;10448;10434;10285;-149
PR;41;28625;Alto Paraíso;3206;3206;3055;-151
MG;31;55900;Rio Preto;5292;5292;5141;-151
RS;43;14175;Pedras Altas;2212;2212;2061;-151
RJ;33;02304;Laje do Muriaé;7487;7487;7336;-151
CE;23;11231;Potiretama;6126;6126;5974;-152
PB;25;04405;Conceição;18363;18412;18260;-152
RS;43;04614;Canudos do Vale;1807;1809;1656;-153
PR;41;22651;Rosário do Ivaí;5588;5588;5435;-153
CE;23;03907;Chaval;12615;12615;12462;-153
RS;43;02238;Boa Vista do Incra;2425;2425;2271;-154
GO;52;06909;Davinópolis;2056;2056;1902;-154
RS;43;21832;Três Forquilhas;2914;2914;2760;-154
GO;52;12055;Jesúpolis;2300;2278;2123;-155
GO;52;00209;Água Limpa;2013;2013;1858;-155
MG;31;63904;São Pedro da União;5040;5040;4885;-155
BA;29;07707;Chorrochó;10734;10734;10579;-155
MA;21;11508;São Mateus do Maranhão;39093;38985;38829;-156
GO;52;19712;Santo Antônio da Barra;4423;4423;4267;-156
TO;17;15705;Palmeirante;4954;4954;4798;-156
RS;43;22855;Vespasiano Corrêa;1974;1974;1818;-156
MG;31;33907;Itaverava;5799;5799;5642;-157
SC;42;07601;Ipira;4752;4735;4578;-157
CE;23;07007;Jaguaruana;32236;31859;31701;-158
PI;22;00103;Agricolândia;5098;5098;4940;-158
RO;11;01468;Pimenteiras do Oeste;2315;2315;2156;-159
PB;25;09370;Mato Grosso;2702;2702;2543;-159
MG;31;06101;Belmiro Braga;3403;3403;3244;-159
AM;13;01654;Guajará;13974;13974;13815;-159
RS;43;05975;Coxilha;2826;2826;2667;-159
TO;17;05102;Chapada da Natividade;3277;3277;3117;-160
SC;42;12007;Palma Sola;7765;7765;7605;-160
PR;41;13452;Lindoeste;5361;5335;5175;-160
SP;35;33809;Óleo;2673;2673;2512;-161
MG;31;12109;Caparaó;5209;5209;5048;-161
PI;22;05276;Jatobá do Piauí;4656;4656;4494;-162
SP;35;43238;Ribeirão dos Índios;2187;2187;2025;-162
RS;43;21626;Travesseiro;2314;2314;2152;-162
BA;29;21450;Mirante;10507;10349;10187;-162
SP;35;03158;Arapeí;2493;2493;2330;-163
AL;27;08204;São Brás;6718;6718;6555;-163
GO;52;00829;Amaralina;3434;3432;3268;-164
BA;29;04753;Buritirama;19600;19753;19589;-164
MT;51;08352;Vale de São Domingos;3052;3068;2904;-164
SE;28;01108;Canhoba;3956;3956;3791;-165
CE;23;04269;Deputado Irapuan Pinheiro;9095;9097;8932;-165
TO;17;20853;Sucupira;1742;1742;1577;-165
PB;25;05204;Cuitegi;6889;6895;6730;-165
PA;15;07409;São Francisco do Pará;15060;15060;14894;-166
MG;31;47501;Passabém;1766;1766;1600;-166
SP;35;13306;Cruzália;2274;2274;2108;-166
SP;35;39707;Platina;3192;3192;3025;-167
PE;26;15003;Taquaritinga do Norte;24903;24903;24736;-167
PI;22;00301;Alto Longá;13646;13646;13479;-167
PB;25;08505;Livramento;7164;7044;6877;-167
MG;31;30002;Ibituruna;2866;2866;2698;-168
PI;22;01002;Arraial;4688;4688;4520;-168
MA;21;09304;Presidente Vargas;10717;10717;10549;-168
PR;41;28658;Virmond;3950;3979;3811;-168
MG;31;06655;Berizal;4370;4370;4201;-169
PI;22;09872;São João da Fronteira;5608;5691;5522;-169
SP;35;47007;Santa Maria da Serra;5413;5413;5243;-170
PB;25;09602;Monte Horebe;4508;4508;4338;-170
SE;28;07204;Siriri;8004;8004;7834;-170
SC;42;16107;São Domingos;9491;9396;9226;-170
RN;24;05504;Jardim de Angicos;2607;2607;2437;-170
RS;43;18051;São Domingos do Sul;2926;2926;2754;-172
RS;43;23507;Vista Alegre;2832;2832;2660;-172
PI;22;07603;Parnaguá;10276;10276;10103;-173
TO;17;11506;Jaú do Tocantins;3507;3507;3334;-173
PB;25;04157;Casserengue;7058;7062;6889;-173
RN;24;13409;Serra Negra do Norte;7770;7770;7597;-173
GO;52;09408;Guarani de Goiás;4258;4258;4085;-173
RN;24;03905;Francisco Dantas;2874;2874;2700;-174
GO;52;03962;Buritinópolis;3321;3319;3145;-174
PR;41;06100;Conselheiro Mairinck;3636;3636;3461;-175
MG;31;42205;Miraí;13808;13808;13633;-175
MG;31;18502;Consolação;1727;1738;1563;-175
RS;43;14787;Ponte Preta;1750;1750;1575;-175
SP;35;37008;Pedregulho;15700;15700;15525;-175
SP;35;25805;Júlio Mesquita;4430;4430;4254;-176
PB;25;09008;Manaíra;10759;10610;10434;-176
TO;17;18451;Pugmil;2369;2369;2193;-176
RN;24;11007;Rodolfo Fernandes;4418;4418;4242;-176
PI;22;09302;Santa Luz;5513;5513;5336;-177
SP;35;27256;Lourdes;2128;2128;1950;-178
GO;52;05703;Córrego do Ouro;2632;2632;2454;-178
BA;29;01353;Andorinha;14414;15190;15012;-178
PB;25;01153;Areia de Baraúnas;1927;2183;2005;-178
PB;25;13802;Santa Teresinha;4581;4581;4402;-179
PB;25;11608;Pilões;6978;6995;6815;-180
SP;35;33254;Novais;4592;4592;4412;-180
GO;52;00159;Adelândia;2477;2477;2297;-180
RS;43;06452;Dois Lajeados;3278;3278;3097;-181
RS;43;02154;Boa Vista das Missões;2114;2114;1933;-181
RS;43;09258;Guabiju;1598;1598;1417;-181
PI;22;09401;Santo Antônio de Lisboa;6007;6020;5839;-181
PB;25;17209;Vieirópolis;5045;5045;4864;-181
RS;43;12450;Morro Redondo;6227;6227;6046;-181
RS;43;03608;Cambará do Sul;6542;6542;6361;-181
SP;35;28106;Macaubal;7663;7663;7481;-182
SP;35;54607;Timburi;2646;2646;2464;-182
AL;27;07800;Roteiro;6656;6656;6474;-182
MG;31;61056;São Félix de Minas;3382;3382;3200;-182
TO;17;20309;São Sebastião do Tocantins;4283;4283;4100;-183
SP;35;42701;Restinga;6587;6587;6404;-183
MG;31;68200;Tapiraí;1873;1873;1690;-183
RS;43;09803;Ibiaçá;4710;4710;4527;-183
PI;22;07355;Pajeú do Piauí;3363;3183;3000;-183
GO;52;09291;Guaraíta;2376;2372;2188;-184
RN;24;00604;Almino Afonso;4871;4871;4687;-184
CE;23;04806;Granjeiro;4629;5025;4841;-184
PE;26;11533;Quixaba;6739;6739;6554;-185
MA;21;09205;Presidente Juscelino;11541;11541;11356;-185
RN;24;07500;Maxaranguape;10441;10441;10255;-186
PR;41;14906;Marilândia do Sul;8863;8863;8677;-186
TO;17;03826;Cachoeirinha;2148;2148;1961;-187
MG;31;61700;São Gonçalo do Abaeté;6264;7562;7375;-187
MG;31;38658;Lontra;8397;8977;8790;-187
MG;31;01904;Alpinópolis;18488;18488;18300;-188
BA;29;18100;Jeremoabo;37680;37814;37626;-188
MG;31;25309;Faria Lemos;3376;3376;3188;-188
SE;28;05505;Poço Verde;21983;21983;21794;-189
PI;22;10656;Sigefredo Pacheco;9619;9649;9460;-189
PE;26;07703;Itapetim;13881;13980;13791;-189
MG;31;52204;Porteirinha;37627;37627;37438;-189
PI;22;03420;Domingos Mourão;4264;4264;4075;-189
ES;32;03601;Mucurici;5655;5655;5466;-189
RS;43;12609;Muçum;4791;4791;4601;-190
MG;31;38682;Luislândia;6400;6400;6210;-190
MG;31;09808;Cachoeira Dourada;2505;2505;2315;-190
SP;35;49003;São Francisco;2793;2793;2602;-191
MG;31;42502;Monjolos;2360;2360;2169;-191
RS;43;10405;Independência;6618;6618;6427;-191
PE;26;03702;Canhotinho;24521;24521;24329;-192
PR;41;17404;Ourizona;3380;3380;3187;-193
RO;11;00320;São Miguel do Guaporé;21828;21828;21635;-193
MG;31;23106;Dores de Guanhães;5223;5223;5029;-194
MG;31;55405;Rio Novo;8712;8712;8518;-194
RS;43;22301;Tuparendi;8557;8557;8363;-194
PI;22;08551;Porto Alegre do Piauí;2559;2559;2364;-195
BA;29;12400;Ibipeba;17008;16798;16603;-195
SP;35;31001;Monções;2132;2132;1937;-195
SE;28;05000;Pedra Mole;2974;2974;2778;-196
PI;22;09104;Santa Cruz do Piauí;6027;6027;5831;-196
ES;32;02603;Iconha;12523;12523;12326;-197
RS;43;08706;Gaurama;5862;5862;5665;-197
MG;31;72202;Wenceslau Braz;2553;2553;2356;-197
PR;41;16604;Nova América da Colina;3478;3478;3280;-198
PE;26;08008;Jataúba;15819;16042;15843;-199
GO;52;11305;Itarumã;6300;6300;6101;-199
GO;52;14861;Nova Glória;8508;8509;8310;-199
MG;31;16902;Comendador Gomes;2972;2972;2773;-199
RS;43;22186;Tupanci do Sul;1573;1573;1374;-199
PB;25;05709;Dona Inês;10517;10579;10380;-199
PE;26;08602;Lagoa do Ouro;12132;12132;11933;-199
MG;31;66006;Senhora de Oliveira;5683;5683;5483;-200
PE;26;12471;Santa Cruz da Baixa Verde;11768;11768;11567;-201
PR;41;26405;Sertaneja;5817;5817;5616;-201
BA;29;00603;Aiquara;4602;4648;4447;-201
MG;31;02308;Alvinópolis;15261;15261;15059;-202
PI;22;09856;São João da Canabrava;4445;4445;4242;-203
RS;43;15321;Quevedos;2710;2710;2507;-203
MG;31;65305;São Vicente de Minas;7008;7008;6804;-204
MG;31;45604;Oliveira;39466;39466;39262;-204
GO;52;03575;Bonópolis;3503;3503;3299;-204
RN;24;09100;Passa e Fica;11100;11100;10896;-204
MA;21;11904;Sucupira do Norte;10444;10444;10238;-206
PB;25;03407;Cacimba de Areia;3557;3498;3291;-207
SP;35;54656;Torre de Pedra;2254;2254;2046;-208
PI;22;08874;Ribeira do Piauí;4263;4263;4055;-208
TO;17;16703;Colméia;8611;9150;8941;-209
MG;31;56403;Romaria;3596;3596;3386;-210
SC;42;15505;Santa Cecília;15757;15757;15546;-211
BA;29;21302;Milagres;10306;11283;11071;-212
RJ;33;00605;Bom Jesus do Itabapoana;35411;35385;35173;-212
BA;29;16500;Itapicuru;32261;31891;31679;-212
RS;43;02220;Boa Vista do Cadeado;2441;2441;2229;-212
BA;29;22508;Nazaré;27274;27273;27060;-213
PB;25;05303;Curral Velho;2505;2505;2292;-213
BA;29;15205;Itagibá;15193;15523;15310;-213
MG;31;04403;Argirita;2901;2901;2688;-213
TO;17;18881;Santa Maria do Tocantins;2894;2894;2680;-214
PR;41;28807;Xambrê;6012;6012;5798;-214
MG;31;50802;Piranga;17232;17232;17018;-214
SP;35;00402;Águas da Prata;7584;7584;7369;-215
PR;41;23956;Santa Mônica;3571;3571;3356;-215
SC;42;19150;Vargem;2808;2843;2627;-216
MT;51;03957;Glória D'Oeste;3135;3121;2905;-216
SP;35;42206;Rancharia;28804;28804;28588;-216
GO;52;09606;Heitoraí;3571;3571;3354;-217
SP;35;53104;Taiaçu;5894;5894;5677;-217
GO;52;16403;Paraúna;10863;10876;10659;-217
SC;42;19176;Vargem Bonita;4793;4793;4576;-217
AL;27;06000;Olivença;11047;11029;10812;-217
TO;17;08304;Goianorte;4956;4956;4738;-218
MG;31;52131;Ponto Chique;3966;3966;3747;-219
MS;50;06259;Novo Horizonte do Sul;4940;4940;4721;-219
PB;25;01575;Barra de Santana;8206;8278;8059;-219
MG;31;60207;Santo Antônio do Itambé;4135;4135;3915;-220
SC;42;11058;Monte Carlo;9312;9337;9117;-220
CE;23;01505;Arneiroz;7650;7650;7429;-221
MG;31;12059;Cantagalo;4195;4195;3974;-221
SC;42;02099;Barra Bonita;1878;1889;1668;-221
MG;31;19609;Coronel Pacheco;2983;2983;2762;-221
PI;22;11704;Wall Ferraz;4280;4280;4059;-221
BA;29;18753;Lagoa Real;13934;14326;14105;-221
RS;43;03806;Campinas do Sul;5506;5506;5284;-222
MG;31;27370;Goiabeira;3053;3053;2830;-223
TO;17;21307;Tupiratins;2097;2097;1874;-223
GO;52;08103;Formoso;4883;4883;4660;-223
RS;43;00034;Aceguá;4394;4394;4170;-224
SP;35;49607;São José do Barreiro;4077;4077;3853;-224
SP;35;10807;Casa Branca;28307;28307;28083;-224
AL;27;08808;São Sebastião;32010;32010;31786;-224
BA;29;12608;Ibiquera;4866;3949;3725;-224
RS;43;10462;Ipiranga do Sul;1944;1944;1720;-224
PE;26;15102;Terezinha;6737;6737;6513;-224
RS;43;11130;Jari;3575;3573;3349;-224
PB;25;07903;Juripiranga;10237;10237;10012;-225
PB;25;13968;São Domingos;2855;2820;2595;-225
PA;15;07102;São Caetano de Odivelas;16891;16891;16666;-225
PB;25;11905;Pitimbu;17024;16976;16751;-225
RS;43;23754;Vitória das Missões;3485;3485;3260;-225
RS;43;02055;Benjamin Constant do Sul;2307;2307;2082;-225
BA;29;14653;Itabela;28390;28391;28165;-226
SC;42;03402;Campo Belo do Sul;7483;7483;7257;-226
GO;52;16007;Panamá;2682;2681;2455;-226
SP;35;42800;Ribeira;3358;3358;3132;-226
TO;17;03206;Bernardo Sayão;4456;4456;4229;-227
MA;21;04206;Fortuna;15098;17203;16976;-227
SE;28;03104;Itabi;4972;4972;4745;-227
MS;50;02001;Batayporã;10936;10939;10712;-227
RS;43;17251;Santa Tereza;1720;1732;1505;-227
TO;17;15259;Novo Jardim;2457;2457;2230;-227
RS;43;10751;Ivorá;2156;2156;1929;-227
MG;31;26208;Formoso;8177;8177;7949;-228
RS;43;14308;Pejuçara;3973;3973;3745;-228
MT;51;07750;Salto do Céu;3908;3908;3679;-229
PR;41;21356;Rancho Alegre D'Oeste;2847;2847;2618;-229
CE;23;11355;Quixelô;15000;16139;15910;-229
CE;23;07502;Lavras da Mangabeira;31090;31032;30802;-230
PR;41;07751;Figueira;8293;8293;8062;-231
RS;43;06924;Engenho Velho;1527;1527;1296;-231
TO;17;18550;Riachinho;4191;4191;3960;-231
MS;50;07554;Santa Rita do Pardo;7259;7259;7027;-232
RS;43;02378;Bom Progresso;2328;2328;2096;-232
RS;43;07203;Erval Grande;5163;5163;4930;-233
PA;15;04455;Medicilândia;27328;27328;27094;-234
PR;41;24202;Santo Antônio do Caiuá;2727;2727;2493;-234
PR;41;10656;Iracema do Oeste;2578;2578;2343;-235
MG;31;19005;Cordislândia;3435;3435;3200;-235
RS;43;03707;Campina das Missões;6117;6117;5882;-235
AP;16;00212;Cutias;4696;4696;4461;-235
RS;43;03400;Caiçara;5071;5071;4836;-235
PI;22;02075;Cajazeiras do Piauí;3343;3343;3108;-235
PB;25;14800;São José dos Cordeiros;3985;3646;3411;-235
MS;50;07307;Rio Negro;5036;5077;4841;-236
MT;51;04500;Indiavaí;2397;2449;2213;-236
BA;29;09208;Coronel João Sá;17066;17293;17056;-237
RS;43;15313;Quatro Irmãos;1775;1790;1552;-238
MG;31;59308;Santa Rita de Jacutinga;4993;4993;4755;-238
MG;31;62807;São João Evangelista;15553;15553;15315;-238
RS;43;05835;Coqueiro Baixo;1528;1528;1290;-238
RS;43;09704;Humaitá;4919;4919;4681;-238
GO;52;15652;Palestina de Goiás;3371;3371;3132;-239
RS;43;04853;Carlos Gomes;1607;1607;1368;-239
SP;35;28700;Marabá Paulista;4812;4812;4573;-239
PE;26;14006;Serrita;18331;18446;18207;-239
MG;31;26802;Frei Gaspar;5879;5879;5640;-239
BA;29;11253;Gavião;4561;4600;4360;-240
MG;31;63409;São José do Goiabal;5636;5636;5396;-240
GO;52;15256;Novo Planalto;3956;3956;3716;-240
MA;21;06805;Mirinzal;14218;14218;13978;-240
MG;31;25804;Fernandes Tourinho;3030;3030;2789;-241
RS;43;15453;Relvado;2155;2037;1796;-241
PI;22;01606;Beneditinos;9911;10170;9929;-241
CE;23;04657;Graça;15049;14042;13801;-241
RS;43;04309;Cândido Godói;6535;6535;6294;-241
PB;25;15807;Serra Redonda;7050;7070;6828;-242
PR;41;06555;Corumbataí do Sul;4002;4002;3760;-242
SE;28;01603;Cedro de São João;5633;5633;5391;-242
RN;24;04903;Itaú;5564;5564;5320;-244
RS;43;05116;Centenário;2965;2965;2721;-244
ES;32;03700;Muniz Freire;18397;18397;18153;-244
BA;29;07004;Cardeal da Silva;8899;8609;8365;-244
RS;43;05850;Coqueiros do Sul;2457;2457;2211;-246
TO;17;14203;Natividade;9000;9000;8754;-246
PR;41;02802;Bela Vista do Paraíso;15079;15079;14833;-246
GO;52;14051;Mundo Novo;6438;6435;6189;-246
MG;31;02803;Andrelândia;12173;12173;11927;-246
MG;31;05202;Bandeira;4987;4987;4741;-246
MG;31;07000;Biquinhas;2630;2630;2383;-247
MS;50;02308;Brasilândia;11826;11826;11579;-247
CE;23;09300;Nova Russas;30965;30947;30699;-248
PA;15;02509;Chaves;21005;21005;20757;-248
GO;52;04409;Caiapônia;16757;16762;16513;-249
MG;31;43609;Morro da Garça;2660;2660;2411;-249
PI;22;03404;Dom Expedito Lopes;6569;6569;6320;-249
SP;35;14106;Dois Córregos;24761;24761;24510;-251
MG;31;20003;Córrego Novo;3127;3127;2875;-252
AM;13;00086;Anamã;10214;10214;9962;-252
BA;29;06907;Caravelas;21414;20833;20580;-253
SP;35;29104;Marinópolis;2113;2113;1860;-253
SP;35;21200;Iporanga;4299;4299;4046;-253
PI;22;04600;Hugo Napoleão;3771;3771;3518;-253
PB;25;13984;São Francisco;3364;3391;3137;-254
MA;21;05203;Igarapé Grande;11041;10485;10231;-254
SP;35;04909;Bananal;10223;10223;9969;-254
GO;52;00852;Americano do Brasil;5508;5513;5259;-254
RS;43;15958;Rolador;2546;2546;2291;-255
PI;22;10375;São Luis do Piauí;2561;2564;2309;-255
RS;43;09126;Gramado dos Loureiros;2269;2269;2014;-255
MG;31;46909;Papagaios;14175;14175;13920;-255
RN;24;10256;Porto do Mangue;5217;5484;5228;-256
SP;35;20004;Igaraçu do Tietê;23362;23362;23106;-256
RS;43;23200;Victor Graeff;3036;3036;2780;-256
ES;32;04401;Rio Novo do Sul;11325;11325;11069;-256
SP;35;32058;Motuca;4290;4290;4034;-256
RS;43;06379;Dilermando de Aguiar;3064;3063;2806;-257
MT;51;03601;Dom Aquino;8171;8129;7872;-257
BA;29;26509;Ribeira do Amparo;14276;14098;13841;-257
MG;31;15102;Cássia;17412;17412;17155;-257
PR;41;07801;Floraí;5050;5050;4792;-258
RS;43;10413;Inhacorá;2267;2272;2014;-258
MG;31;71808;Virginópolis;10572;10572;10314;-258
MG;31;46206;Ouro Verde de Minas;6016;6016;5757;-259
PR;41;16406;Nossa Senhora das Graças;3836;3928;3669;-259
PB;25;05105;Cuité;19978;19978;19719;-259
SE;28;01405;Carira;20007;20199;19939;-260
PE;26;04304;Cedro;10778;10778;10518;-260
SP;35;01103;Alto Alegre;4102;4102;3841;-261
PR;41;22800;Salgado Filho;4403;4338;4075;-263
RS;43;03301;Caibaté;4954;4967;4704;-263
SP;35;36000;Parapuã;10844;10844;10580;-264
SE;28;07006;São Miguel do Aleixo;3698;3698;3434;-264
SC;42;04178;Cerro Negro;3581;3581;3317;-264
RS;43;21634;Três Arroios;2855;2855;2591;-264
RN;24;13607;Severiano Melo;5752;5752;5487;-265
SP;35;15806;Flora Rica;1752;1752;1487;-265
RS;43;03202;Cacique Doble;4868;4868;4603;-265
RS;43;18424;São João da Urtiga;4726;4726;4461;-265
BA;29;19108;Lamarão;9560;9281;9015;-266
PB;25;08109;Lagoa;4681;4681;4415;-266
MG;31;43708;Morro do Pilar;3399;3399;3133;-266
MG;31;18700;Coqueiral;9289;9289;9023;-266
SP;35;44202;Riolândia;10575;10575;10309;-266
MG;31;37908;Lamim;3452;3452;3184;-268
PI;22;09955;São João da Varjota;4651;4651;4383;-268
RS;43;01552;Áurea;3665;3665;3396;-269
MG;31;63003;São José da Safira;4075;4075;3806;-269
PI;22;05003;Itainópolis;11109;11059;10790;-269
MG;31;01805;Alpercata;7172;7172;6903;-269
SP;35;15905;Floreal;3003;3003;2733;-270
PR;41;06852;Cruzmaltina;3162;3162;2892;-270
MA;21;07308;Nova Iorque;4590;4590;4320;-270
SC;42;07759;Iraceminha;4253;4257;3986;-271
RS;43;11759;Manoel Viana;7072;7072;6801;-271
BA;29;20007;Maiquinique;8782;9004;8731;-273
SP;35;38303;Piquerobi;3537;3537;3264;-273
SP;35;38907;Pirajuí;22704;22704;22431;-273
RS;43;13334;Nova Ramada;2437;2437;2163;-274
CE;23;12106;Santana do Cariri;17170;17228;16954;-274
PI;22;01804;Bocaina;4369;4353;4078;-275
PI;22;07207;Padre Marcos;6657;6657;6382;-275
SP;35;51801;Sete Barras;13005;13005;12730;-275
MG;31;43153;Monte Formoso;4656;4656;4381;-275
PR;41;07009;Curiúva;13923;13923;13647;-276
MA;21;04404;Gonçalves Dias;17482;17482;17206;-276
MG;31;70909;Varzelândia;19116;19116;18840;-276
MA;21;04628;Governador Luiz Rocha;7337;7340;7063;-277
PR;41;23204;Santa Cecília do Pavão;3646;3642;3365;-277
PB;25;14909;São Mamede;7748;7748;7470;-278
BA;29;00504;Érico Cardoso;10859;10882;10604;-278
PR;41;18808;Peabiru;13624;13624;13346;-278
PI;22;01408;Barro Duro;6607;6919;6640;-279
PR;41;23824;Santa Lúcia;3925;3923;3644;-279
BA;29;24058;Pé de Serra;13752;13523;13243;-280
AL;27;05101;Matriz de Camaragibe;23785;24137;23857;-280
RN;24;08706;Paraú;3859;3859;3579;-280
SP;35;40853;Pracinha;2858;2858;2578;-280
MG;31;59407;Santa Rita de Ibitipoca;3583;3583;3301;-282
BA;29;06899;Caraíbas;10222;10222;9940;-282
MA;21;05351;Itaipava do Grajaú;14297;14110;13828;-282
PR;41;24301;Santo Antônio do Paraíso;2408;2408;2125;-283
PB;25;10204;Nova Olinda;6070;6070;5787;-283
ES;32;02900;Itarana;10881;10881;10597;-284
MG;31;24609;Estrela Dalva;2470;2470;2186;-284
TO;17;10508;Itacajá;7104;7104;6819;-285
MG;31;02852;Angelândia;8003;8003;7718;-285
GO;52;14101;Mutunópolis;3849;3849;3564;-285
AL;27;04005;Junqueiro;23836;24192;23907;-285
PR;41;22503;Roncador;11537;11537;11251;-286
PR;41;28534;Ventania;9957;9968;9681;-287
RS;43;13391;Novo Cabrais;3855;3855;3568;-287
SP;35;13900;Divinolândia;11208;11445;11158;-287
RN;24;02808;Coronel Ezequiel;5405;5405;5117;-288
PE;26;10509;Passira;28628;28628;28340;-288
PR;41;13759;Lunardelli;5160;5160;4872;-288
SP;35;19204;Iacri;6419;6419;6131;-288
PI;22;03602;Eliseu Martins;4665;4665;4377;-288
MG;31;13909;Carmo da Cachoeira;11836;11836;11547;-289
ES;32;00508;Apiacá;7512;7512;7223;-289
MG;31;10707;Cambuquira;12602;12602;12313;-289
RN;24;09803;Pedro Velho;14114;14114;13824;-290
PI;22;02851;Coronel José Dias;4541;4541;4250;-291
GO;52;08509;Goiandira;5265;5265;4973;-292
RS;43;15073;Porto Vera Cruz;1852;1852;1560;-292
BA;29;30907;Tabocas do Brejo Velho;11431;12271;11979;-292
PB;25;06103;Fagundes;11405;11341;11049;-292
RS;43;19109;São Martinho;5773;5773;5481;-292
RS;43;05603;Colorado;3550;3550;3258;-292
PE;26;13800;São Vicente Férrer;17000;16969;16677;-292
PB;25;03753;Cajazeirinhas;3033;3033;2740;-293
RS;43;20578;Sete de Setembro;2124;2124;1830;-294
RS;43;16436;Saldanha Marinho;2869;2869;2575;-294
TO;17;01051;Angico;3175;3170;2876;-294
BA;29;26202;Riachão das Neves;21937;21937;21642;-295
TO;17;05607;Conceição do Tocantins;4182;4182;3887;-295
RS;43;10900;Jacutinga;3633;3633;3338;-295
MG;31;61205;São Francisco de Paula;6483;6483;6187;-296
SE;28;05208;Pinhão;5973;5973;5677;-296
MG;31;21704;Diogo de Vasconcelos;3848;3848;3549;-299
SP;35;40903;Pradópolis;17377;17377;17078;-299
MA;21;10807;São Félix de Balsas;4702;4702;4402;-300
PE;26;15706;Triunfo;15006;15006;14705;-301
RS;43;18465;São José do Herval;2204;2204;1902;-302
RS;43;22343;Ubiretama;2296;2296;1994;-302
GO;52;04904;Campos Belos;18410;18410;18108;-302
PR;41;11605;Ivatuba;3010;3010;2708;-302
SP;35;07407;Borborema;14529;14529;14226;-303
MT;51;02694;Canabrava do Norte;4786;4788;4485;-303
PI;22;10979;Tanque do Piauí;2620;2620;2316;-304
MG;31;22504;Dom Cavati;5209;5209;4904;-305
RN;24;01602;Bento Fernandes;5113;5113;4807;-306
PB;25;05907;Emas;3317;3317;3011;-306
MA;21;07001;Montes Altos;9413;9413;9106;-307
RS;43;01925;Barra do Rio Azul;2003;2003;1696;-307
PI;22;10052;São José do Divino;5148;5148;4841;-307
RS;43;20230;Sede Nova;3011;3011;2704;-307
BA;29;12509;Ibipitanga;14171;14171;13863;-308
MS;50;03751;Eldorado;11694;11694;11386;-308
BA;29;28950;São Domingos;9226;8734;8426;-308
RS;43;05355;Charqueadas;35320;35320;35012;-308
SP;35;55307;Turmalina;1978;1978;1669;-309
SE;28;02403;Gararu;11405;11405;11096;-309
PR;41;03024;Boa Esperança do Iguaçu;2764;2764;2455;-309
PR;41;07702;Fênix;4802;4802;4492;-310
MS;50;07935;Sonora;14833;14827;14516;-311
PB;25;05808;Duas Estradas;3638;3638;3327;-311
PB;25;13356;Santa Inês;3539;3539;3227;-312
MG;31;35209;Januária;65463;65463;65150;-313
RS;43;11718;Maçambará;4738;4738;4425;-313
MA;21;05922;Lagoa do Mato;10934;10887;10572;-315
SP;35;45605;Santa Adélia;14333;14333;14018;-315
PE;26;16183;Vertente do Lério;7873;7873;7558;-315
GO;52;21080;Teresina de Goiás;3016;3016;2701;-315
MG;31;10400;Camacho;3154;3154;2838;-316
MG;31;11903;Cana Verde;5589;5589;5272;-317
PB;25;05600;Diamante;6616;6616;6299;-317
RS;43;22350;União da Serra;1487;1487;1170;-317
RS;43;02303;Bom Jesus;11519;11519;11202;-317
SE;28;06602;Santo Amaro das Brotas;11410;11410;11092;-318
BA;29;29107;São Felipe;20305;20601;20283;-318
PB;25;13505;Santana de Mangueira;5331;5328;5010;-318
RS;43;10850;Jaboticaba;4098;4098;3779;-319
TO;17;14880;Nova Olinda;10686;10686;10367;-319
MG;31;57401;Santa Cruz do Escalvado;4992;4992;4673;-319
RS;43;09902;Ibiraiaras;7171;7095;6776;-319
SP;35;41109;Presidente Alves;4123;4123;3804;-319
SC;42;15687;Santa Terezinha do Progresso;2896;2896;2576;-320
BA;29;32002;Uauá;24294;24985;24665;-320
PI;22;09351;Santana do Piauí;4917;4445;4125;-320
AL;27;00706;Batalha;17076;16769;16448;-321
PB;25;04207;Catingueira;4812;4812;4491;-321
AL;27;06208;Palestina;5112;4646;4325;-321
RS;43;06700;Dona Francisca;3401;3401;3079;-322
PR;41;19301;Pinhão;30208;30208;29886;-322
CE;23;01802;Baixio;6026;6026;5704;-322
BA;29;24652;Pintadas;10342;10649;10325;-324
MG;31;39250;Mamonas;6321;6321;5997;-324
PR;41;12504;Jardim Alegre;12324;12328;12004;-324
TO;17;17800;Ponte Alta do Bom Jesus;4544;4544;4220;-324
PR;41;24905;São João do Caiuá;5911;5911;5586;-325
MG;31;60454;Santo Antônio do Retiro;6955;6955;6629;-326
BA;29;22755;Nova Ibiá;6648;6827;6501;-326
RS;43;14209;Pedro Osório;7811;7811;7484;-327
GO;52;10307;Israelândia;2887;2887;2560;-327
AL;27;05200;Messias;15682;15733;15405;-328
CE;23;04277;Ereré;6840;6802;6474;-328
PI;22;00053;Acauã;6749;6749;6420;-329
SP;35;27702;Luiziânia;5030;5030;4701;-329
PI;22;05599;Lagoa do Sítio;4850;4850;4520;-330
PR;41;28302;Uniflor;2466;2466;2136;-330
MG;31;31802;Itabirinha;10692;10692;10362;-330
RN;24;00901;Antônio Martins;6907;6907;6577;-330
PB;25;12747;Riachão;3266;3258;2927;-331
PA;15;03077;Garrafão do Norte;25034;25034;24703;-331
MG;31;33501;Itapecerica;21377;21377;21046;-331
GO;52;02353;Arenópolis;3277;3277;2946;-331
MG;31;71501;Mathias Lobato;3370;3370;3038;-332
MG;31;31406;Ipiaçu;4107;4107;3775;-332
MG;31;04106;Arceburgo;9509;9509;9177;-332
GO;52;21452;Trombas;3452;3452;3120;-332
PR;41;01309;Antônio Olinto;7351;7351;7018;-333
SC;42;15356;Saltinho;3961;3966;3632;-334
MG;31;08206;Bonfinópolis de Minas;5865;5865;5528;-337
RS;43;20453;Sério;2281;2279;1941;-338
RS;43;09951;Ibirapuitã;4061;4061;3723;-338
SC;42;01000;Anita Garibaldi;8623;8623;8285;-338
TO;17;07553;Fátima;3805;3805;3467;-338
PR;41;07124;Diamante do Sul;3510;3510;3171;-339
MA;21;09403;Primeira Cruz;13954;13954;13614;-340
MG;31;12653;Capitão Andrade;4925;4925;4585;-340
MG;31;20409;Cristiano Otoni;5007;5007;4667;-340
SP;35;19501;Ibirarema;6725;6725;6385;-340
SC;42;00804;Anchieta;6380;6283;5943;-340
BA;29;01403;Angical;14073;14073;13732;-341
RS;43;19125;São Martinho da Serra;3201;3201;2860;-341
MG;31;27057;Fronteira dos Vales;4687;4687;4345;-342
RO;11;00908;Castanheiras;3575;3575;3233;-342
MA;21;07902;Passagem Franca;17562;17562;17220;-342
RS;43;19802;São Vicente do Sul;8440;8440;8097;-343
GO;52;13772;Montividiu do Norte;4122;4122;3779;-343
MG;31;61650;São Geraldo do Baixio;3486;3486;3143;-343
MG;31;43203;Monte Santo de Minas;21234;21234;20890;-344
TO;17;07306;Dueré;4592;4592;4248;-344
SC;42;11801;Ouro;7372;7376;7032;-344
MT;51;04906;Jangada;7696;7771;7426;-345
MG;31;36801;Juramento;4113;4113;3768;-345
MG;31;03009;Antônio Dias;9565;9565;9219;-346
MG;31;27339;Gameleiras;5139;5139;4793;-346
RS;43;05447;Chuvisca;4944;4944;4597;-347
TO;17;18501;Recursolândia;3768;3768;3421;-347
MT;51;08808;Nova Guarita;4932;4937;4590;-347
RS;43;01909;Barra do Ribeiro;12572;12572;12225;-347
MA;21;11078;São João do Soter;17238;17238;16889;-349
GO;52;13905;Mossâmedes;5007;5003;4654;-349
BA;29;09109;Coribe;14307;14339;13990;-349
PR;41;25308;São Jorge do Ivaí;5517;5517;5168;-349
PR;41;14351;Manfrinópolis;3127;3120;2770;-350
MG;31;27602;Gouveia;11681;11681;11331;-350
RS;43;08250;Floriano Peixoto;2018;2018;1668;-350
PR;41;04600;Capitão Leônidas Marques;14970;14998;14648;-350
MA;21;05104;Icatu;25145;25145;24794;-351
RS;43;12005;Mariano Moro;2210;2210;1858;-352
MG;31;15409;Catas Altas da Noruega;3462;3462;3110;-352
MG;31;59100;Santana dos Montes;3822;3822;3469;-353
MG;31;65107;São Tomás de Aquino;7093;7093;6740;-353
PE;26;12000;Sairé;11240;11240;10887;-353
MG;31;64803;São Sebastião do Rio Preto;1613;1613;1259;-354
MS;50;05004;Jardim;24346;24335;23981;-354
PI;22;05102;Itaueira;10678;10678;10323;-355
GO;52;21502;Turvânia;4839;4835;4480;-355
PI;22;04204;Francisco Santos;8592;8592;8237;-355
MG;31;13107;Caranaíba;3288;3288;2933;-355
CE;23;03105;Cariré;18347;17987;17632;-355
RS;43;22103;Tucunduva;5898;5898;5542;-356
BA;29;27903;Santa Inês;10363;10656;10300;-356
MG;31;63508;São José do Jacuri;6553;6553;6197;-356
SC;42;05605;Galvão;3472;3567;3210;-357
SP;35;16903;General Salgado;10669;10669;10312;-357
GO;52;02155;Araguapaz;7510;7510;7153;-357
RS;43;23457;Vila Nova do Sul;4221;4221;3863;-358
PR;41;05102;Centenário do Sul;11190;11190;10832;-358
TO;17;02406;Arraias;10645;10645;10287;-358
PI;22;10623;Sebastião Barros;3560;3560;3202;-358
RS;43;18457;São José das Missões;2720;2720;2362;-358
PI;22;09153;Santa Cruz dos Milagres;3794;3794;3435;-359
BA;29;07806;Cícero Dantas;32300;31266;30907;-359
RS;43;06353;Dezesseis de Novembro;2866;2866;2507;-359
SP;35;08900;Caiabu;4072;4072;3712;-360
MG;31;26604;Francisco Dumont;4863;4863;4503;-360
PR;41;08551;Godoy Moreira;3337;3337;2977;-360
SC;42;02875;Brunópolis;2850;2850;2489;-361
RS;43;06304;David Canabarro;4683;4683;4321;-362
MG;31;57302;Santa Bárbara do Tugúrio;4570;4570;4208;-362
MS;50;02803;Caracol;5398;5398;5036;-362
MG;31;15474;Catuti;5102;5102;4739;-363
SP;35;00907;Altair;3815;3815;3451;-364
SP;35;02606;Aparecida d'Oeste;4450;4450;4086;-364
GO;52;03104;Baliza;3714;3715;3351;-364
TO;17;15754;Palmeirópolis;7339;7339;6975;-364
PR;41;27809;Tomazina;8791;8791;8426;-365
RS;43;19158;São Miguel das Missões;7421;7421;7056;-365
RN;24;13706;Sítio Novo;5020;5020;4654;-366
SC;42;09706;Lebon Régis;11838;11838;11472;-366
MG;31;71071;Veredinha;5549;5549;5181;-368
RS;43;19703;São Valentim;3632;3632;3264;-368
BA;29;33000;Valente;24560;24730;24362;-368
SC;42;02503;Bom Jardim da Serra;4395;4395;4026;-369
RN;24;07302;Marcelino Vieira;8265;8265;7896;-369
MG;31;63300;São José do Divino;3834;3834;3464;-370
BA;29;09604;Crisópolis;20046;20099;19729;-370
PR;41;21703;Reserva;25172;24943;24573;-370
TO;17;03891;Carrasco Bonito;3688;3688;3318;-370
GO;52;02601;Aurilândia;3650;3654;3284;-370
SP;35;24204;Jaborandi;6592;6592;6221;-371
GO;52;12956;Matrinchã;4414;4414;4042;-372
SP;35;27801;Lupércio;4353;4353;3981;-372
PB;25;02300;Bom Sucesso;5035;5035;4661;-374
PR;41;07108;Diamante do Norte;5516;5516;5142;-374
BA;29;01700;Antônio Cardoso;11554;11521;11146;-375
BA;29;12905;Ibirataia;18943;19168;18792;-376
MG;31;08701;Brás Pires;4637;4637;4260;-377
PB;25;11103;Pedra Lavrada;7475;7236;6859;-377
PR;41;15101;Mariluz;10224;10224;9847;-377
PB;25;01302;Aroeiras;19082;19082;18705;-377
MT;51;06216;Nova Canaã do Norte;12127;12084;11707;-377
MG;31;61403;São Francisco do Glória;5178;5178;4800;-378
SP;35;48401;Santópolis do Aguapeí;4277;4277;3899;-378
AL;27;03403;Jacaré dos Homens;5413;5461;5083;-378
SP;35;23008;Itapura;4357;4357;3979;-378
PR;41;27304;Terra Rica;15221;15221;14842;-379
PR;41;04055;Campo Bonito;4407;4407;4027;-380
PI;22;10904;Socorro do Piauí;4522;4522;4141;-381
AL;27;00102;Água Branca;19377;19389;19008;-381
SC;42;13401;Ponte Serrada;11031;11031;10649;-382
MG;31;19104;Corinto;23914;23914;23532;-382
GO;52;20207;São Miguel do Araguaia;22283;22283;21900;-383
MG;31;46552;Pai Pedro;5934;5934;5551;-383
RS;43;21493;Toropi;2952;2938;2554;-384
MG;31;31505;Ipuiúna;9521;9521;9135;-386
PR;41;09203;Guaraci;5227;5135;4748;-387
ES;32;04955;São Roque do Canaã;11273;11273;10886;-387
MG;31;25606;Felisburgo;6877;6877;6489;-388
RS;43;09571;Herveiras;2954;2954;2565;-389
RN;24;11106;Ruy Barbosa;3595;3595;3206;-389
MG;31;32602;Itamarati de Minas;4079;4079;3690;-389
TO;17;01903;Araguacema;6317;6317;5927;-390
RN;24;08409;Olho d'Água do Borges;4295;4295;3905;-390
SC;42;12270;Passos Maia;4425;4425;4034;-391
MG;31;45372;Novorizonte;4963;4963;4571;-392
PI;22;08106;Pimenteiras;11733;11733;11341;-392
MG;31;12208;Capela Nova;4755;4755;4362;-393
MG;31;58805;Santana do Jacaré;4607;4607;4214;-393
SC;42;04459;Coronel Martins;2458;2458;2065;-393
PR;41;18303;Paranapoema;2791;2791;2398;-393
PR;41;13403;Leópolis;4145;4145;3752;-393
SC;42;12106;Palmitos;16020;16020;15626;-394
MG;31;15201;Conceição da Barra de Minas;3954;3954;3560;-394
PE;26;06705;Ibirajuba;7534;7534;7140;-394
PB;25;14206;São José da Lagoa Tapada;7564;7520;7126;-394
RS;43;06957;Entre Rios do Sul;3080;3080;2685;-395
GO;52;14903;Nova Roma;3471;3471;3076;-395
MG;31;54002;Raul Soares;23818;23818;23423;-395
PB;25;03308;Cachoeira dos Índios;9546;9546;9151;-395
RS;43;15404;Redentora;10222;10135;9738;-397
RS;43;15057;Porto Mauá;2542;2542;2142;-400
RN;24;12807;São Rafael;8111;8111;7711;-400
AL;27;07602;Quebrangulo;11480;11480;11080;-400
PB;25;06608;Ibiara;6031;6031;5631;-400
PI;22;06902;Novo Oriente do Piauí;6498;6498;6097;-401
MG;31;52907;Pratápolis;8807;8807;8406;-401
PB;25;00908;Arara;12653;12613;12212;-401
MG;31;04502;Arinos;17674;17674;17272;-402
SP;35;28908;Mariápolis;3916;3916;3513;-403
PI;22;10102;São José do Peixe;3700;3700;3297;-403
RN;24;05405;Japi;5522;5522;5117;-405
RS;43;20651;Silveira Martins;2449;2434;2028;-406
MG;31;46404;Paineiras;4631;4631;4224;-407
RS;43;10579;Itapuca;2344;2344;1937;-407
BA;29;33604;Xique-Xique;45536;45164;44757;-407
ES;32;00102;Afonso Cláudio;31091;31091;30684;-407
MG;31;69505;Tumiritinga;6293;6293;5886;-407
MG;31;17702;Conceição do Rio Verde;12949;12949;12541;-408
SP;35;21507;Irapuã;7275;7275;6867;-408
CE;23;11603;Redenção;26415;27622;27214;-408
TO;17;15002;Nova Rosalândia;3770;3770;3362;-408
PA;15;03507;Irituia;31364;31364;30955;-409
PR;41;23105;Santa Amélia;3803;3803;3394;-409
PI;22;00905;Aroazes;5779;5779;5369;-410
RS;43;11239;Lagoa Bonita do Sul;2662;2662;2251;-411
MA;21;12902;Vitória do Mearim;31217;31217;30805;-412
MG;31;65560;Sem-Peixe;2847;2847;2433;-414
RN;24;13904;Taipu;11836;11836;11422;-414
MG;31;08909;Brazópolis;14661;14661;14246;-415
BA;29;19009;Lajedinho;3936;3943;3527;-416
PR;41;20101;Porto Amazonas;4514;4514;4098;-416
PE;26;03603;Camutanga;8156;8168;7750;-418
CE;23;00101;Abaiara;10496;10456;10038;-418
BA;29;07558;Caturama;8843;9260;8841;-419
GO;52;07105;Diorama;2479;2481;2062;-419
PI;22;04907;Isaías Coelho;8221;8193;7774;-419
PE;26;03405;Calumbi;5648;5648;5228;-420
MA;21;11953;Sucupira do Riachão;4613;5406;4985;-421
MT;51;03700;Feliz Natal;10933;10942;10521;-421
MG;31;05004;Baldim;7913;7913;7492;-421
MG;31;04809;Augusto de Lima;4960;4960;4538;-422
PI;22;08809;Regeneração;17556;17556;17133;-423
PR;41;15457;Marquinho;4981;4928;4504;-424
MT;51;06851;Porto Estrela;3649;3649;3224;-425
MS;50;05103;Jateí;4011;4011;3586;-425
MG;31;63805;São Miguel do Anta;6760;6760;6334;-426
BA;29;18209;Jiquiriçá;14118;14055;13629;-426
MA;21;03901;Duque Bacelar;10649;10649;10223;-426
MS;50;04106;Guia Lopes da Laguna;10366;10366;9940;-426
RS;43;12104;Mata;5111;5125;4698;-427
SP;35;17109;Glicério;4565;4565;4138;-427
RO;11;00130;Machadinho D'Oeste;31135;31135;30707;-428
MG;31;66501;Serra Azul de Minas;4220;4220;3792;-428
RS;43;07559;Estação;6011;6011;5582;-429
MG;31;35506;Jequeri;12848;12848;12419;-429
AL;27;05309;Minador do Negrão;5275;5275;4845;-430
MG;31;66105;Senhora do Porto;3497;3497;3067;-430
MT;51;06273;Novo Horizonte do Norte;3749;3780;3349;-431
MG;31;02506;Amparo do Serra;5053;4972;4541;-431
MG;31;19807;Córrego Danta;3391;3391;2960;-431
MG;31;00104;Abadia dos Dourados;6704;6704;6272;-432
MG;31;06804;Bias Fortes;3793;3793;3361;-432
PI;22;02026;Buriti dos Montes;7974;7866;7434;-432
SP;35;45001;Salesópolis;15635;15635;15202;-433
PR;41;07553;Farol;3472;3472;3039;-433
RJ;33;02809;Mendes;17935;17935;17502;-433
RS;43;02600;Braga;3702;3702;3268;-434
PR;41;07850;Flor da Serra do Sul;4726;4798;4364;-434
SP;35;10005;Cândido Mota;29884;29884;29449;-435
TO;17;04105;Centenário;2566;2566;2131;-435
RN;24;04309;Governador Dix-Sept Rosado;12374;12374;11938;-436
RS;43;20602;Severiano de Almeida;3842;3842;3406;-436
AL;27;07107;Piranhas;23045;23045;22609;-436
PB;25;08703;Mãe d'Água;4019;4019;3583;-436
MA;21;09759;Santa Filomena do Maranhão;7061;7133;6697;-436
RN;24;00109;Acari;11035;11035;10597;-438
BA;29;15908;Itanagra;7598;6352;5914;-438
PI;22;02778;Colônia do Piauí;7433;7433;6994;-439
BA;29;28208;Santana;24750;25194;24755;-439
RS;43;06320;Derrubadas;3190;3190;2751;-439
MA;21;11631;São Raimundo do Doca Bezerra;6090;6090;5650;-440
RJ;33;01108;Cantagalo;19830;19830;19390;-440
AL;27;02702;Feliz Deserto;4345;4403;3963;-440
MT;51;00102;Acorizal;5516;5454;5014;-440
TO;17;15150;Novo Alegre;2286;2286;1846;-440
PR;41;09500;Guaraqueçaba;7871;7871;7430;-441
BA;29;07608;Central;17013;16789;16348;-441
BA;29;27606;Santa Brígida;15060;15407;14965;-442
BA;29;19157;Lapão;25646;26178;25736;-442
MG;31;53202;Presidente Juscelino;3908;3908;3465;-443
PR;41;21307;Rancho Alegre;3955;3955;3512;-443
MG;31;49150;Pedras de Maria da Cruz;10315;10876;10433;-443
MA;21;02309;Buriti Bravo;22899;22899;22455;-444
RS;43;16105;Ronda Alta;10221;10221;9777;-444
GO;52;07600;Fazenda Nova;6322;6322;5877;-445
PR;41;14401;Mangueirinha;17048;17048;16603;-445
GO;52;16908;Pilar de Goiás;2773;2773;2328;-445
MG;31;57609;Santa Fé de Minas;3968;3968;3522;-446
RS;43;10553;Itacurubi;3441;3441;2995;-446
MT;51;08105;Tesouro;3418;3472;3025;-447
RO;11;01476;Primavera de Rondônia;3524;3524;3076;-448
PR;41;20408;Presidente Castelo Branco;4784;4784;4336;-448
SP;35;32108;Murutinga do Sul;4186;4186;3737;-449
SP;35;03604;Areiópolis;10579;10579;10130;-449
MT;51;07156;Reserva do Cabaçal;2572;2572;2122;-450
PB;25;02607;Igaracy;6156;6099;5648;-451
PE;26;13305;São Joaquim do Monte;20488;20488;20037;-451
MG;31;36405;Joaquim Felício;4305;4305;3854;-451
SP;35;47601;Santa Rosa de Viterbo;23862;23862;23411;-451
PR;41;10300;Inajá;2988;2988;2536;-452
PR;41;00707;Alto Piquiri;10179;10179;9727;-452
GO;52;08301;Divinópolis de Goiás;4962;4909;4457;-452
SC;42;00408;Água Doce;6961;6961;6508;-453
AL;27;09004;Tanque d'Arca;6122;6249;5796;-453
BA;29;18803;Laje;22201;21505;21052;-453
AL;27;06406;Pão de Açúcar;23811;24277;23823;-454
RS;43;22376;Unistalda;2450;2450;1995;-455
PB;25;02904;Brejo dos Santos;6198;6198;5742;-456
SE;28;05307;Pirambu;8369;8369;7913;-456
SC;42;13302;Ponte Alta;4894;4894;4437;-457
SC;42;11108;Monte Castelo;8346;8194;7736;-458
PR;41;20309;Porto Vitória;4020;4020;3562;-458
RO;11;01500;Seringueiras;11629;11629;11171;-458
RN;24;05702;Jardim do Seridó;12113;12113;11655;-458
TO;17;22081;Wanderlândia;10981;10981;10522;-459
RN;24;12708;São Pedro;6235;6235;5776;-459
SP;35;10708;Cardoso;11805;11805;11345;-460
TO;17;03701;Brejinho de Nazaré;5185;5185;4725;-460
MG;31;52170;Ponto dos Volantes;11345;11345;10883;-462
RN;24;03400;Equador;5822;5822;5360;-462
PE;26;07653;Itambé;35398;35398;34935;-463
BA;29;19405;Licínio de Almeida;12311;12297;11834;-463
MG;31;38351;Leme do Prado;4804;4804;4341;-463
SP;35;22802;Itaporanga;14549;14549;14085;-464
RN;24;10702;Riacho da Cruz;3165;3165;2701;-464
PR;41;21901;Ribeirão do Pinhal;13524;13524;13060;-464
BA;29;18555;Jussari;6474;6353;5888;-465
PR;41;18709;Paulo Frontin;6913;6808;6343;-465
BA;29;03607;Biritinga;14836;15612;15146;-466
MG;31;64100;São Pedro do Suaçuí;5570;5570;5103;-467
RS;43;10876;Jacuizinho;2507;2507;2040;-467
AL;27;04906;Mar Vermelho;3652;3623;3155;-468
MG;31;02209;Alvarenga;4444;4444;3975;-469
PI;22;02109;Campinas do Piauí;5408;5408;4938;-470
PR;41;07157;Diamante D'Oeste;5027;5027;4557;-470
MG;31;28204;Guaraciaba;10223;10223;9753;-470
PB;25;13109;Salgado de São Félix;11976;11976;11505;-471
RJ;33;06206;Vassouras;34410;34447;33976;-471
PR;41;25407;São José da Boa Vista;6511;6511;6040;-471
CE;23;09003;Mucambo;14102;14138;13666;-472
GO;52;04250;Cachoeira Dourada;8254;8254;7782;-472
MA;21;02408;Cajapió;10593;10593;10121;-472
PI;22;09005;Rio Grande do Piauí;6273;6273;5801;-472
MT;51;07263;Santo Afonso;2991;2991;2519;-472
PB;25;16508;Taperoá;14936;14543;14068;-475
PI;22;03008;Cristalândia do Piauí;7831;7831;7356;-475
SP;35;04305;Avaí;4959;4959;4483;-476
PE;26;14303;Moreilândia;11132;11017;10540;-477
MG;31;05707;Barra Longa;6143;6143;5666;-477
BA;29;12004;Ibiassucê;10062;10908;10429;-479
GO;52;09804;Hidrolina;4029;4025;3545;-480
MT;51;06000;Nortelândia;6436;6436;5956;-480
PI;22;07504;Palmeirais;13745;13745;13264;-481
RS;43;15206;Putinga;4141;4229;3747;-482
ES;32;04252;Ponto Belo;6979;6979;6497;-482
MG;31;49952;Periquito;7036;7036;6553;-483
CE;23;10803;Pereiro;15757;15757;15274;-483
RS;43;04002;Campo Novo;5459;5459;4975;-484
GO;52;19456;Santa Rita do Novo Destino;3173;3173;2689;-484
RS;43;11122;Jaquirana;4177;4177;3690;-487
MG;31;57377;Santa Cruz de Salinas;4397;4397;3910;-487
RN;24;10009;Pilões;3453;3453;2965;-488
SC;42;19606;Xavantina;4142;4142;3653;-489
MG;31;38906;Machacalis;6976;6976;6487;-489
MG;31;65503;Sardoá;5594;5594;5104;-490
PB;25;04801;Coremas;15149;15174;14683;-491
PR;41;08452;Foz do Jordão;5420;5420;4926;-494
RS;43;14555;Pirapó;2757;2757;2260;-497
SP;35;38105;Pindorama;15039;15039;14542;-497
CE;23;11702;Reriutaba;19455;19103;18606;-497
PI;22;09377;Santa Rosa do Piauí;5149;5149;4650;-499
MG;31;38005;Laranjal;6465;6465;5963;-502
TO;17;03107;Barrolândia;5349;5349;4846;-503
MT;51;01258;Araputanga;15342;15290;14786;-504
BA;29;33109;Várzea do Poço;8661;8606;8101;-505
RS;43;06130;Cruzaltense;2141;2141;1635;-506
PI;22;02251;Canavieira;3921;3921;3414;-507
PR;41;24707;São Jerônimo da Serra;11337;11337;10830;-507
PI;22;05201;Jaicós;18035;18035;17527;-508
SP;35;18909;Guzolândia;4754;4754;4246;-508
MG;31;22207;Divinolândia de Minas;7024;7024;6516;-508
PR;41;14005;Mamborê;13961;13961;13452;-509
SE;28;03906;Malhador;12042;12042;11533;-509
MA;21;05005;Humberto de Campos;26189;26189;25680;-509
BA;29;07301;Castro Alves;25408;25222;24712;-510
SP;35;04206;Auriflama;14202;14202;13692;-510
BA;29;10909;Firmino Alves;5384;5384;4873;-511
RJ;33;00902;Cambuci;14827;15128;14616;-512
MG;31;32107;Itacarambi;17720;17720;17208;-512
MG;31;29657;Ibiracatu;6155;5594;5081;-513
SP;35;14304;Dourado;8609;8609;8096;-513
BA;29;24108;Pedrão;6876;6749;6235;-514
RN;24;06700;Lajes;10381;10381;9866;-515
RS;43;19307;São Paulo das Missões;6364;6364;5846;-518
BA;29;08705;Condeúba;16898;17571;17053;-518
PE;26;11200;Poção;11242;11019;10500;-519
BA;29;03953;Bom Jesus da Serra;10113;10249;9730;-519
BA;29;26657;Ribeirão do Largo;8602;10260;9740;-520
MT;51;08055;Terra Nova do Norte;11291;11136;10616;-520
GO;52;22203;Vila Boa;4735;4735;4215;-520
MG;31;60603;Santo Hipólito;3238;3238;2717;-521
RS;43;11502;Lavras do Sul;7679;7679;7157;-522
SC;42;17907;Tangará;8674;8665;8143;-522
PI;22;00251;Alagoinha do Piauí;7341;7341;6819;-522
PR;41;00103;Abatiá;7764;7764;7241;-523
SC;42;13609;Porto União;33493;33493;32970;-523
PB;25;13208;Santa Cruz;6471;6471;5947;-524
SC;42;02602;Bom Retiro;8942;8942;8418;-524
TO;17;00350;Aliança do Tocantins;5671;5671;5147;-524
TO;17;20259;São Salvador do Tocantins;2910;2910;2385;-525
MT;51;07206;Rio Branco;5070;5060;4535;-525
RN;24;05900;João Dias;2601;2601;2076;-525
RS;43;01800;Barracão;5357;5357;4831;-526
RS;43;16204;Rondinha;5518;5518;4991;-527
MG;31;12406;Capetinga;7089;7089;6562;-527
MG;31;58102;Santa Maria do Salto;5284;5284;4755;-529
MG;31;48400;Paulistas;4918;4918;4389;-529
RS;43;12302;Miraguaí;4855;4957;4427;-530
SP;35;17000;Getulina;10765;10765;10232;-533
PA;15;01758;Brejo Grande do Araguaia;7317;7317;6783;-534
BA;29;31509;Teofilândia;21482;21710;21176;-534
PE;26;14402;Solidão;5744;5744;5210;-534
RS;43;00208;Ajuricaba;7255;7255;6720;-535
RN;24;02907;Coronel João Pessoa;4772;4772;4237;-535
PB;25;03605;Caiçara;7220;7139;6602;-537
MG;31;33758;Itaú de Minas;14945;14945;14406;-539
MA;21;11250;São José dos Basílios;7496;7496;6957;-539
MG;31;58300;Santana da Vargem;7231;7231;6691;-540
RN;24;07005;Luís Gomes;9610;9610;9070;-540
AL;27;00904;Belo Monte;7030;6476;5936;-540
PR;41;19004;Pérola d'Oeste;6761;6761;6221;-540
BA;29;06600;Candiba;13210;13557;13016;-541
GO;52;10604;Itaguaru;5437;5446;4904;-542
RS;43;22905;Viadutos;5311;5311;4769;-542
BA;29;16203;Itapé;10995;10883;10341;-542
MG;31;48509;Pavão;8589;8589;8047;-542
SP;35;41604;Promissão;35674;35674;35131;-543
TO;17;16307;Pau D'Arco;4588;4588;4043;-545
ES;32;02702;Itaguaçu;14134;14134;13589;-545
RS;43;08656;Garruchos;3234;3234;2688;-546
PB;25;02102;Boa Ventura;5751;5756;5207;-549
PR;41;17271;Nova Tebas;7398;7398;6848;-550
BA;29;01957;Apuarema;7459;7463;6913;-550
PR;41;15739;Mato Rico;3818;3818;3267;-551
PR;41;20150;Porto Barreiro;3663;3663;3110;-553
BA;29;21807;Mortugaba;12477;11696;11143;-553
PB;25;00809;Araçagi;17224;17199;16646;-553
RN;24;04606;Ielmo Marinho;12171;12171;11615;-556
RS;43;07815;Estrela Velha;3628;3628;3070;-558
SP;35;22703;Itápolis;40051;40051;39493;-558
MG;31;50000;Pescador;4128;4128;3570;-558
PB;25;17001;Umbuzeiro;9298;9682;9124;-558
GO;52;18102;Portelândia;3839;3839;3280;-559
GO;52;09150;Gouvelândia;4949;4949;4390;-559
SE;28;00407;Arauá;10878;10878;10318;-560
RS;43;14779;Pontão;3857;3857;3296;-561
MG;31;57500;Santa Efigênia de Minas;4600;4600;4039;-561
RS;43;07104;Herval;6753;6753;6191;-562
PR;41;02901;Bituruna;15880;16096;15533;-563
MA;21;06755;Miranda do Norte;24427;24427;23864;-563
PR;41;26009;São Sebastião da Amoreira;8626;8626;8063;-563
RS;43;03509;Camaquã;62764;62764;62200;-564
MG;31;42254;Miravânia;4549;4549;3985;-564
SP;35;43501;Riversul;6163;6163;5599;-564
SC;42;16800;São José do Cerrito;9273;9273;8708;-565
PB;25;02409;Bonito de Santa Fé;10804;10818;10252;-566
MG;31;65909;Senador Modestino Gonçalves;4574;4574;4008;-566
BA;29;21609;Morpará;8280;8563;7996;-567
MG;31;59209;Santa Rita de Caldas;9027;9027;8460;-567
MG;31;64506;São Sebastião do Maranhão;10647;10647;10079;-568
SE;28;05604;Porto da Folha;27146;27146;26576;-570
BA;29;09406;Cotegipe;13636;13636;13063;-573
BA;29;33257;Vereda;6800;6576;6003;-573
MG;31;43450;Montezuma;7464;7464;6888;-576
MG;31;39607;Mantena;27111;27111;26535;-576
MG;31;55108;Rio do Prado;5217;5217;4639;-578
PE;26;13602;São José do Egito;31829;31582;31004;-578
PE;26;03009;Cabrobó;30873;30873;30294;-579
RN;24;14506;Umarizal;10659;10659;10078;-581
PR;41;08601;Goioerê;29018;29018;28437;-581
MG;31;44672;Nova Belém;3732;3732;3151;-581
PE;26;07901;Jaboatão dos Guararapes;644620;644620;644037;-583
MG;31;36520;José Gonçalves de Minas;4553;4553;3969;-584
BA;29;20403;Manoel Vitorino;14387;14445;13860;-585
GO;52;18706;Rianápolis;4566;4566;3980;-586
MG;31;08800;Braúnas;5030;5030;4441;-589
SC;42;15000;Rio Negrinho;39846;39851;39261;-590
PA;15;05494;Palestina do Pará;7475;7475;6885;-590
BA;29;30303;Serra Dourada;18112;17656;17066;-590
MG;31;70438;União de Minas;4418;4418;3828;-590
ES;32;01001;Boa Esperança;14199;14199;13608;-591
TO;17;01309;Aragominas;5882;5882;5290;-592
PB;25;08000;Juru;9826;9826;9234;-592
SP;35;56602;Vera Cruz;10769;10769;10176;-593
RS;43;05124;Cerrito;6402;6402;5808;-594
CE;23;09805;Pacoti;11607;11780;11186;-594
MG;31;12000;Candeias;14595;14595;14001;-594
RS;43;10504;Iraí;8078;8078;7482;-596
CE;23;08708;Morada Nova;62065;62041;61443;-598
RN;24;05207;Janduís;5345;5345;4746;-599
MT;51;03809;Figueirópolis D'Oeste;3796;3787;3187;-600
MG;31;15706;Central de Minas;6772;6772;6171;-601
RS;43;08409;Formigueiro;7014;7014;6413;-601
PB;25;00205;Aguiar;5530;5604;5003;-601
GO;52;00902;Amorinópolis;3609;3608;3007;-601
SP;35;54409;Terra Roxa;8505;8505;7904;-601
SE;28;04904;Pacatuba;13137;13105;12502;-603
MG;31;54507;Riacho dos Machados;9360;9360;8756;-604
SP;35;33304;Nova Luzitânia;3441;3441;2837;-604
MG;31;24807;Estrela do Sul;7446;7446;6840;-606
SP;35;02705;Apiaí;25191;25191;24585;-606
PB;25;16003;Solânea;26693;27380;26774;-606
SE;28;05901;Riachuelo;9355;9355;8748;-607
MG;31;16506;Claro dos Poções;7775;7775;7166;-609
GO;52;03401;Bom Jardim de Goiás;8423;8435;7826;-609
MG;31;38500;Liberdade;5346;5346;4737;-609
RS;43;19208;São Nicolau;5727;5727;5118;-609
MT;51;05580;Marcelândia;12006;12006;11396;-610
PE;26;01409;Barreiros;40732;40732;40121;-611
MG;31;48301;Paula Cândido;9271;9271;8659;-612
RS;43;13607;Paim Filho;4243;4243;3629;-614
MT;51;03254;Colniza;26381;26381;25766;-615
RS;43;10439;Ipê;6016;6018;5399;-619
RS;43;15107;Porto Xavier;10558;10558;9938;-620
AL;27;05903;Olho d'Água Grande;4957;4950;4330;-620
RS;43;23101;Vicente Dutra;5285;5285;4665;-620
MG;31;26307;Fortaleza de Minas;4098;4098;3477;-621
SE;28;04003;Maruim;16343;16343;15719;-624
BA;29;23308;Ouriçangas;8298;8340;7716;-624
RS;43;16303;Roque Gonzales;7203;7203;6576;-627
MG;31;72103;Volta Grande;5070;5070;4443;-627
PR;41;27908;Tuneiras do Oeste;8695;8695;8067;-628
BA;29;09000;Cordeiros;8168;8174;7546;-628
MG;31;46750;Palmópolis;6931;6931;6301;-630
MT;51;06505;Poconé;31779;31848;31217;-631
SP;35;16606;Gália;7011;7011;6380;-631
RO;11;01559;Teixeirópolis;4888;4888;4256;-632
MG;31;40605;Materlândia;4595;4595;3963;-632
PE;26;01300;Barra de Guabiraba;12776;12896;12263;-633
TO;17;18402;Presidente Kennedy;3681;3681;3047;-634
SP;35;09304;Cajobi;9768;9768;9133;-635
PR;41;16802;Nova Cantu;7425;7425;6790;-635
BA;29;18456;Jucuruçu;10290;10290;9655;-635
MG;31;12604;Capinópolis;15290;15290;14655;-635
MG;31;13503;Carbonita;9148;9148;8512;-636
MG;31;51909;Pocrane;8986;8986;8350;-636
BA;29;10602;Esplanada;32802;33191;32554;-637
MA;21;05609;Joselândia;15433;15561;14924;-637
TO;17;17206;Piraquê;2920;2920;2282;-638
BA;29;29701;Sátiro Dias;18964;16646;16008;-638
MG;31;20300;Cristália;5760;5760;5121;-639
MG;31;10806;Campanário;3564;3564;2923;-641
MG;31;55207;Rio Espera;6070;6070;5429;-641
PR;41;13734;Luiziana;7315;7332;6690;-642
RS;43;00455;Alegria;4301;4294;3651;-643
MA;21;05906;Lago Verde;15412;15412;14769;-643
PA;15;00131;Abel Figueiredo;6780;6780;6136;-644
MG;31;41009;Mato Verde;12684;12684;12038;-646
BA;29;24900;Planaltino;8822;8670;8022;-648
RS;43;09753;Ibarama;4371;4380;3732;-648
MG;31;15508;Caxambu;21705;21705;21056;-649
BA;29;04407;Brejolândia;11077;9757;9108;-649
AC;12;00385;Plácido de Castro;17209;17209;16560;-649
RS;43;01206;Arroio do Tigre;12648;12708;12058;-650
ES;32;03809;Muqui;14396;14396;13745;-651
RS;43;05009;Catuípe;9323;9325;8674;-651
MT;51;05234;Lambari D'Oeste;5431;5441;4790;-651
RS;43;05132;Cerro Branco;4454;4454;3802;-652
GO;52;05059;Castelândia;3638;3638;2985;-653
TO;17;02000;Araguaçu;8786;8786;8133;-653
PI;22;02307;Canto do Buriti;20020;20020;19365;-655
PR;41;20655;Quarto Centenário;4856;4856;4201;-655
SE;28;03302;Japaratuba;16864;16864;16209;-655
MG;31;18809;Coração de Jesus;26033;26033;25377;-656
GO;52;08905;Goiás;24727;24727;24071;-656
PI;22;06704;Nazaré do Piauí;7321;7321;6665;-656
PE;26;05806;Frei Miguelinho;14293;14293;13636;-657
PA;15;06583;Santa Maria das Barreiras;17206;17206;16548;-658
SP;35;28809;Maracaí;13332;13332;12673;-659
PR;41;12207;Janiópolis;6532;6532;5870;-662
MG;31;34004;Itinga;14407;14407;13745;-662
MT;51;06208;Nova Brasilândia;4587;4597;3932;-665
TO;17;00301;Aguiarnópolis;5162;5162;4497;-665
RS;43;14472;Pinhal Grande;4471;4471;3805;-666
RS;43;09159;Gramado Xavier;3970;3970;3304;-666
MA;21;00303;Aldeias Altas;23952;23952;23286;-666
SP;35;06706;Boa Esperança do Sul;13645;13645;12978;-667
MG;31;24302;Espinosa;31113;31113;30443;-670
AL;27;08956;Senador Rui Palmeira;13047;12974;12303;-671
PB;25;09800;Mulungu;9469;9463;8791;-672
BA;29;01155;América Dourada;15961;15810;15137;-673
CE;23;13708;Umari;7545;7545;6871;-674
PR;41;03602;Cambará;23886;23886;23212;-674
MG;31;71030;Verdelândia;8346;8346;7672;-674
SP;35;43808;Rinópolis;9935;9935;9259;-676
MT;51;02793;Carlinda;10990;11011;10332;-679
PE;26;02001;Bodocó;35158;35158;34478;-680
SP;35;35200;Palmeira d'Oeste;9584;9584;8903;-681
RS;43;00109;Agudo;16722;16722;16041;-681
PR;41;00905;Amaporã;5443;5443;4762;-681
PI;22;08908;Ribeiro Gonçalves;6845;6845;6164;-681
MG;31;70578;Vargem Alegre;6461;6461;5780;-681
MA;21;07407;Olho d'Água das Cunhãs;18601;18601;17919;-682
GO;52;10802;Itajá;5062;5062;4380;-682
SP;35;54201;Tejupá;4809;4809;4127;-682
CE;23;06900;Jaguaribe;34409;34409;33726;-683
PR;41;11555;Ivaté;7514;7514;6831;-683
RO;11;01450;Parecis;4810;4810;4125;-685
PI;22;07777;Patos do Piauí;6105;6110;5425;-685
MT;51;07297;São José do Povo;3592;3561;2875;-686
MG;31;53103;Presidente Bernardes;5537;5537;4850;-687
PR;41;27858;Três Barras do Paraná;11824;11824;11135;-689
PA;15;04976;Nova Ipixuna;14645;14645;13955;-690
MG;31;27503;Gonzaga;5921;5921;5230;-691
MG;31;45059;Nova Porteirinha;7398;7398;6706;-692
MG;31;67707;Sobrália;5830;5830;5137;-693
PR;41;18105;Paranacity;10250;10250;9557;-693
MG;31;26901;Frei Inocêncio;8920;8920;8226;-694
MG;31;44201;Nacip Raydan;3154;3154;2459;-695
PB;25;13604;Santana dos Garrotes;7266;7266;6569;-697
MG;31;20839;Cuparaque;4680;4680;3983;-697
PE;26;06903;Iguaracy;11779;11779;11081;-698
RS;43;09506;Guarani das Missões;8115;8115;7415;-700
PB;25;01906;Belém;17093;17101;16401;-700
CE;23;01604;Assaré;22445;22398;21697;-701
SC;42;15679;Santa Terezinha;8767;8767;8066;-701
GO;52;19605;Santa Tereza de Goiás;3995;3995;3293;-702
CE;23;06702;Jaguaretama;17863;17934;17232;-702
RS;43;05371;Charrua;3471;3471;2768;-703
SP;35;21606;Irapuru;7789;7789;7085;-704
PR;41;25753;São Pedro do Iguaçu;6491;6491;5784;-707
MG;31;08503;Botumirim;6497;6497;5790;-707
MG;31;49101;Pedralva;11467;11467;10760;-707
MT;51;01605;Barão de Melgaço;7591;7961;7253;-708
GO;52;16809;Petrolina de Goiás;10283;10281;9573;-708
BA;29;29354;São José da Vitória;5715;6024;5315;-709
PA;15;06401;Santa Cruz do Arari;8155;8155;7445;-710
MT;51;02850;Castanheira;8231;8219;7506;-713
RS;43;22152;Tunas;4395;4395;3681;-714
RS;43;06908;Encruzilhada do Sul;24534;24534;23819;-715
MG;31;44607;Nepomuceno;25733;25733;25018;-715
PR;41;00459;Altamira do Paraná;4306;4306;3590;-716
PB;25;14404;São José de Espinharas;4760;4800;4083;-717
MG;31;04700;Ataléia;14455;14455;13736;-719
TO;17;02158;Araguanã;5030;5030;4310;-720
BA;29;18605;Jussiape;8031;8099;7379;-720
RS;43;12203;Maximiliano de Almeida;4911;4911;4191;-720
RS;43;16709;Santa Bárbara do Sul;8829;8843;8122;-721
SP;35;12605;Coronel Macedo;5001;5001;4280;-721
MA;21;08454;Peritoró;21201;21201;20479;-722
MG;31;14303;Carmo do Paranaíba;29735;29735;29011;-724
MG;31;41504;Mendes Pimentel;6331;6331;5606;-725
TO;17;12405;Lizarda;3725;3725;2999;-726
RS;43;13425;Novo Machado;3925;3925;3198;-727
MG;31;33204;Itanhomi;11856;11856;11128;-728
BA;29;02203;Aramari;10036;10561;9833;-728
MG;31;27305;Galiléia;6951;6951;6222;-729
BA;29;15353;Itaguaçu da Bahia;13209;13041;12311;-730
PI;22;04006;Francinópolis;5235;5235;4505;-730
PR;41;01101;Andirá;20610;20610;19878;-732
CE;23;00903;Apuiarés;13925;13661;12928;-733
RN;24;14001;Tangará;14175;14016;13281;-735
AL;27;02900;Girau do Ponciano;36600;36837;36102;-735
MG;31;32008;Itacambira;4988;4988;4252;-736
PR;41;27007;Teixeira Soares;10283;10283;9547;-736
CE;23;03931;Choró;12853;12853;12113;-740
MG;31;47956;Patis;5579;5579;4837;-742
AL;27;03700;Jaramataia;5558;5727;4985;-742
MT;51;08907;Nova Maringá;6590;6590;5846;-744
MG;31;24708;Estrela do Indaiá;3516;3516;2772;-744
BA;29;23704;Paratinga;29504;29998;29252;-746
PB;25;02706;Borborema;5111;4962;4214;-748
MG;31;57104;Salto da Divisa;6859;6859;6110;-749
BA;29;19058;Lajedo do Tabocal;8305;8244;7494;-750
PR;41;20507;Primeiro de Maio;10832;10832;10082;-750
RS;43;20503;Sertão;6294;6294;5541;-753
PR;41;21752;Reserva do Iguaçu;7307;7307;6553;-754
BA;29;13002;Ibitiara;15508;15392;14637;-755
RS;43;13102;Nova Palma;6342;6342;5586;-756
MG;31;05509;Barão de Monte Alto;5720;5720;4964;-756
PR;41;28559;Vera Cruz do Oeste;8973;8973;8215;-758
MG;31;22108;Divino das Laranjeiras;4937;4937;4178;-759
RO;11;01484;São Felipe D'Oeste;6018;6018;5258;-760
PR;41;13254;Laranjal;6360;6360;5600;-760
GO;52;20686;Simolândia;6514;6507;5742;-765
BA;29;19900;Macururé;8073;8021;7256;-765
MG;31;26752;Franciscópolis;5800;5800;5034;-766
MA;21;06359;Marajá do Sena;8051;7794;7027;-767
MG;31;23809;Engenheiro Navarro;7122;7122;6354;-768
BA;29;06709;Cândido Sales;27918;26015;25247;-768
MG;31;39508;Manhumirim;21382;21382;20613;-769
MG;31;35076;Jampruca;5067;5067;4296;-771
PE;26;01805;Betânia;12003;12003;11232;-771
RS;43;05504;Ciríaco;4922;4922;4149;-773
MG;31;46255;Padre Carvalho;5834;5834;5058;-776
SP;35;49508;São José da Bela Vista;8406;8406;7626;-780
SP;35;31506;Monte Azul Paulista;18931;18931;18151;-780
MG;31;28501;Guarará;3929;3929;3149;-780
RS;43;15552;Rio dos Índios;3616;3616;2835;-781
BA;29;00306;Acajutiba;14653;14577;13795;-782
MG;31;20151;Crisólita;6047;6047;5265;-782
PI;22;04303;Fronteiras;11117;11042;10259;-783
AM;13;03569;Rio Preto da Eva;25719;25719;24936;-783
CE;23;04004;Coreaú;21954;21738;20953;-785
RS;43;19406;São Pedro do Sul;16368;16368;15577;-791
SP;35;48500;Santos;419400;419400;418608;-792
CE;23;01406;Aratuba;11529;12016;11224;-792
MA;21;03125;Central do Maranhão;7887;7887;7094;-793
TO;17;07702;Filadélfia;8505;8505;7712;-793
BA;29;23407;Palmas de Monte Alto;20775;20872;20078;-794
PE;26;04155;Casinhas;13766;13766;12967;-799
PR;41;01200;Antonina;18891;18891;18091;-800
MA;21;03257;Cidelândia;13681;13681;12878;-803
MG;31;62609;São João do Oriente;7874;7874;7070;-804
BA;29;31400;Teodoro Sampaio;7895;7914;7110;-804
PR;41;05201;Cerro Azul;16938;16938;16134;-804
BA;29;15304;Itagimirim;7110;7154;6347;-807
RN;24;14753;Venha-Ver;3821;3821;3014;-807
SP;35;29807;Mineiros do Tietê;12038;12038;11230;-808
BA;29;23209;Oliveira dos Brejinhos;21831;21524;20715;-809
PB;25;10105;Nova Floresta;10533;10533;9724;-809
MT;51;06265;Novo Mundo;7332;7332;6520;-812
SC;42;15208;Romelândia;5551;5637;4823;-814
RS;43;11908;Marcelino Ramos;5134;5134;4320;-814
BA;29;19603;Macajuba;11229;11268;10454;-814
RO;11;00403;Alto Paraíso;17135;17135;16320;-815
SP;35;09700;Campos do Jordão;47789;47789;46974;-815
BA;29;03102;Barra do Rocha;6313;6591;5775;-816
RS;43;14027;Paraíso do Sul;7336;7336;6519;-817
BA;29;09505;Cravolândia;5041;5233;4415;-818
BA;29;29404;São Miguel das Matas;10414;11155;10334;-821
BA;29;25006;Planalto;24481;24156;23334;-822
RS;43;15156;Progresso;6163;6163;5340;-823
MT;51;06828;Porto Esperidião;11031;11031;10204;-827
GO;52;11404;Itauçu;8575;8563;7736;-827
RN;24;11403;Santana do Matos;13809;13284;12456;-828
MG;31;07802;Bom Jesus do Galho;15364;15364;14536;-828
MG;31;55603;Rio Pardo de Minas;29099;29099;28271;-828
MG;31;11804;Canápolis;11365;11436;10608;-828
PE;26;12901;São Benedito do Sul;13941;13941;13113;-828
TO;17;07207;Dois Irmãos do Tocantins;7161;7161;6327;-834
RS;43;08805;General Câmara;8447;8447;7612;-835
CE;23;07635;Madalena;18088;17731;16896;-835
PA;15;07466;São João da Ponta;5265;5265;4430;-835
MA;21;05807;Lago do Junco;10729;10343;9506;-837
MG;31;46701;Palma;6545;6545;5707;-838
RJ;33;01801;Engenheiro Paulo de Frontin;13237;13080;12242;-838
BA;29;26905;Rio do Pires;11918;11336;10497;-839
MS;50;00807;Anaurilândia;8493;8493;7653;-840
BA;29;21054;Matina;11145;11171;10330;-841
ES;32;03304;Mantenópolis;13612;13612;12770;-842
RS;43;06734;Doutor Maurício Cardoso;5313;5313;4470;-843
PE;26;12802;Santa Terezinha;10991;11089;10244;-845
BA;29;14208;Irajuba;7002;6946;6101;-845
PR;41;09302;Guaraniaçu;14582;14582;13735;-847
MA;21;00600;Amarante do Maranhão;37932;37932;37085;-847
BA;29;21708;Morro do Chapéu;35164;34441;33594;-847
AL;27;06604;Paulo Jacinto;7426;7426;6576;-850
PR;41;11001;Itambaracá;6759;6759;5908;-851
CE;23;01703;Aurora;24566;24566;23714;-852
SP;35;05401;Barra do Turvo;7729;7729;6876;-853
RN;24;12906;São Tomé;10827;10827;9972;-855
TO;17;10706;Itaguatins;6029;6029;5172;-857
PR;41;25001;São João do Ivaí;11525;11525;10667;-858
PB;25;03506;Cacimba de Dentro;16748;16923;16064;-859
BA;29;04852;Cabaceiras do Paraguaçu;17327;17420;16559;-861
MG;31;16803;Coluna;9024;9024;8163;-861
TO;17;06100;Cristalândia;7234;7234;6371;-863
PA;15;05007;Nova Timboteua;13670;13670;12806;-864
BA;29;06857;Capela do Alto Alegre;11527;11609;10744;-865
SP;35;37404;Pereira Barreto;24962;24962;24095;-867
TO;17;13809;Palmeiras do Tocantins;5740;5740;4872;-868
MG;31;41405;Medina;21026;21026;20156;-870
PE;26;02209;Bom Jardim;37826;38500;37629;-871
PB;25;10402;Olho d'Água;6931;6931;6060;-871
BA;29;22607;Nilo Peçanha;12530;12935;12063;-872
SP;35;32603;Nhandeara;10725;10725;9852;-873
PB;25;02003;Belém do Brejo do Cruz;7143;7143;6268;-875
PR;41;03354;Braganey;5735;5735;4854;-881
BA;29;11857;Heliópolis;13192;13192;12309;-883
BA;29;31202;Taperoá;18748;18928;18044;-884
PA;15;06112;Quatipuru;12411;12411;11524;-887
CE;23;06504;Itapiúna;18626;18732;17841;-891
RS;43;11254;Lagoão;6185;6233;5341;-892
PE;26;08404;Jurema;14541;14541;13648;-893
RS;43;21303;Taquari;26092;26092;25198;-894
BA;29;02658;Banzaê;11814;12854;11958;-896
RS;43;11106;Jaguari;11473;11475;10579;-896
MA;21;12852;Vila Nova dos Martírios;11258;11258;10362;-896
CE;23;01307;Araripe;20685;20679;19783;-896
SE;28;00670;Boquim;25533;25533;24636;-897
SP;35;05302;Barra Bonita;35246;35246;34346;-900
SP;35;50902;São Simão;14346;14346;13442;-904
BA;29;32606;Urandi;16466;16260;15355;-905
PI;22;03503;Elesbão Veloso;14512;14512;13607;-905
PI;22;09708;São Francisco do Piauí;6298;6298;5392;-906
RS;43;00505;Alpestre;8027;8027;7117;-910
RS;43;17707;Santo Antônio das Missões;11210;11210;10300;-910
MA;21;11052;São João do Paraíso;10814;10814;9904;-910
PR;41;02406;Bandeirantes;32184;32184;31273;-911
RS;43;01305;Arroio Grande;18470;18470;17558;-912
MG;31;37304;Lagoa dos Patos;4225;4225;3313;-912
BA;29;21401;Mirangaba;16279;16649;15734;-915
BA;29;01908;Aporá;17731;16838;15922;-916
MG;31;19500;Coronel Murta;9117;9117;8200;-917
SP;35;53609;Tapiratiba;12737;12737;11816;-921
PR;41;17008;Nova Fátima;8147;8147;7225;-922
RS;43;00307;Alecrim;7045;7045;6123;-922
BA;29;14307;Iramaia;11990;11675;10752;-923
SP;35;51900;Severínia;15501;15501;14576;-925
MG;31;39300;Manga;19813;19813;18886;-927
SP;35;17604;Guapiara;17998;17998;17071;-927
MG;31;69208;Tombos;9537;9537;8609;-928
MG;31;29004;Guiricema;8707;8707;7778;-929
RN;24;09704;Pedro Avelino;7171;7171;6242;-929
BA;29;16104;Itaparica;20725;20725;19789;-936
GO;52;07253;Doverlândia;7892;7892;6956;-936
MG;31;36579;Josenópolis;4566;4566;3630;-936
PR;41;08650;Goioxim;7503;7503;6566;-937
PA;15;02707;Conceição do Araguaia;45557;45557;44617;-940
SP;35;16804;Gastão Vidigal;4193;4193;3252;-941
MG;31;29103;Gurinhatã;6137;6137;5192;-945
SP;35;03703;Ariranha;8547;8547;7602;-945
PB;25;14552;São José de Princesa;4219;4364;3416;-948
SP;35;05104;Barbosa;6593;6593;5640;-953
AL;27;04609;Maravilha;10284;10490;9534;-956
RN;24;09308;Patu;11964;11964;11007;-957
AL;27;06505;Passo de Camaragibe;14763;14763;13804;-959
PB;25;06707;Imaculada;11352;11352;10392;-960
MA;21;00402;Altamira do Maranhão;11063;7407;6447;-960
RO;11;00031;Cabixi;6313;6313;5351;-962
BA;29;20205;Malhada;16014;16361;15398;-963
RS;43;10702;Itatiba do Sul;4171;4171;3208;-963
MG;31;28402;Guarani;8678;8678;7714;-964
MG;31;16308;Cipotânea;6547;6547;5581;-966
MG;31;05608;Barbacena;126284;126284;125317;-967
TO;17;22107;Xambioá;11484;11484;10517;-967
MG;31;65552;Setubinha;10885;10885;9917;-968
MG;31;37106;Lagamar;7600;7600;6631;-969
BA;29;24504;Pindaí;15628;15700;14731;-969
SP;35;53302;Tambaú;22406;22406;21435;-971
RS;43;15503;Restinga Sêca;15849;15911;14939;-972
PE;26;01508;Belém de Maria;11353;11353;10378;-975
PE;26;14105;Sertânia;33787;33787;32811;-976
MT;51;05176;Juruena;11201;11190;10213;-977
MG;31;58508;Santana de Pirapama;8009;8009;7030;-979
AL;27;01100;Branquinha;10583;10583;9603;-980
CE;23;05266;Ibaretama;12922;12939;11956;-983
PR;41;08700;Grandes Rios;6625;6625;5641;-984
MG;31;30655;Indaiabira;7330;7330;6346;-984
BA;29;01106;Amélia Rodrigues;25190;25125;24138;-987
PB;25;11806;Pirpirituba;10326;10327;9340;-987
BA;29;11907;Iaçu;25736;25595;24607;-988
MG;31;29509;Ibiá;23218;23218;22229;-989
ES;32;01605;Conceição da Barra;28449;28449;27458;-991
RO;11;00940;Cujubim;15854;15854;14863;-991
SP;35;17802;Guaraçaí;8435;8435;7441;-994
RS;43;02501;Bossoroca;6884;6884;5890;-994
RS;43;11601;Liberato Salzano;5780;5780;4781;-999
GO;52;19407;Santa Rita do Araguaia;6924;6924;5924;-1000
MG;31;56007;Rio Vermelho;13645;13645;12641;-1004
PI;22;06050;Massapê do Piauí;6220;6222;5218;-1004
MG;31;39003;Machado;38688;38688;37684;-1004
SP;35;16705;Garça;43115;43115;42110;-1005
PA;15;01600;Bonito;13630;13630;12622;-1008
SP;35;29708;Miguelópolis;20451;20451;19441;-1010
PR;41;09658;Honório Serpa;5955;5955;4941;-1014
BA;29;25709;Presidente Jânio Quadros;13652;13635;12621;-1014
GO;52;04953;Campos Verdes;5020;5020;4005;-1015
PA;15;05700;Ponta de Pedras;25999;25999;24984;-1015
MG;31;35456;Jenipapo de Minas;7116;7116;6100;-1016
BA;29;20908;Mascote;14640;14562;13544;-1018
TO;17;13601;Monte do Carmo;6716;6716;5694;-1022
MG;31;41702;Mesquita;6069;6069;5040;-1029
GO;52;13509;Monte Alegre de Goiás;7730;7730;6692;-1038
BA;29;32101;Ubaíra;19750;19664;18626;-1038
BA;29;03300;Barro Preto;6453;6873;5833;-1040
TO;17;20903;Taguatinga;15051;15051;14011;-1040
CE;23;05209;Hidrolândia;19325;18896;17855;-1041
RS;43;20263;Segredo;7158;7050;6009;-1041
RS;43;00638;Amaral Ferrador;6353;6353;5310;-1043
PR;41;21000;Querência do Norte;11729;11729;10685;-1044
BA;29;17904;Jandaíra;10331;10331;9285;-1046
RO;11;00080;Costa Marques;13678;13678;12627;-1051
RS;43;15008;Porto Lucena;5413;5413;4360;-1053
MG;31;36009;Joaíma;14941;14941;13888;-1053
SP;35;50100;São Manuel;38342;38342;37289;-1053
AL;27;04401;Major Isidoro;18897;18753;17700;-1053
MA;21;05450;Jatobá;8526;8526;7471;-1055
MG;31;13305;Carangola;32296;32296;31240;-1056
BA;29;15809;Itambé;23089;25450;24394;-1056
SP;35;12308;Conchas;16288;16288;15232;-1056
PB;25;14305;São José de Caiana;6010;6094;5034;-1060
RS;43;09001;Giruá;17075;17075;16013;-1062
BA;29;06402;Candeal;8895;8837;7772;-1065
PR;41;28401;Uraí;11472;11472;10406;-1066
MG;31;61106;São Francisco;53828;53828;52762;-1066
MS;50;04304;Iguatemi;14875;14875;13808;-1067
TO;17;16604;Peixe;10384;10384;9317;-1067
SP;35;46306;Santa Cruz das Palmeiras;29932;29932;28864;-1068
CE;23;13252;Tarrafas;8910;8597;7529;-1068
MA;21;02556;Campestre do Maranhão;13369;13369;12301;-1068
MG;31;40852;Matias Cardoso;9979;9964;8895;-1069
PE;26;09709;Orobó;22878;22878;21808;-1070
SE;28;05802;Riachão do Dantas;19386;19386;18313;-1073
SC;42;05506;Fraiburgo;34553;34556;33481;-1075
RS;43;07302;Erval Seco;7878;7863;6787;-1076
CE;23;05902;Ipueiras;37862;37876;36798;-1078
BA;29;30006;Sebastião Laranjeiras;10371;10444;9360;-1084
MG;31;61601;São Geraldo da Piedade;4389;4389;3305;-1084
MS;50;05806;Nioaque;14391;14304;13220;-1084
CE;23;12700;Senador Pompeu;26469;25350;24266;-1084
MS;50;06408;Pedro Gomes;7967;8026;6941;-1085
BA;29;00900;Almadina;6357;6304;5218;-1086
TO;17;00400;Almas;7586;7586;6499;-1087
AL;27;02504;Dois Riachos;10880;10894;9805;-1089
MA;21;01905;Bequimão;20344;20674;19584;-1090
RS;43;05173;Cerro Grande do Sul;10268;10268;9178;-1090
MG;31;34707;Jacinto;12134;12134;11042;-1092
MA;21;10237;Santana do Maranhão;11661;11661;10567;-1094
MA;21;03703;Cururupu;32652;32652;31558;-1094
CE;23;00705;Alto Santo;16359;15250;14155;-1095
MG;31;36108;Joanésia;5425;5425;4329;-1096
SP;35;46900;Santa Lúcia;8248;8248;7149;-1099
MA;21;09601;Rosário;39576;39576;38475;-1101
AL;27;01506;Campo Grande;9032;9244;8143;-1101
MG;31;71907;Virgolândia;5658;5658;4552;-1106
RS;43;18408;São Jerônimo;22134;22134;21028;-1106
PB;25;01104;Areia;23829;23742;22633;-1109
SP;35;24600;Jacupiranga;17208;17208;16097;-1111
RS;43;13706;Palmeira das Missões;34328;34328;33216;-1112
MA;21;00436;Alto Alegre do Maranhão;24599;25164;24048;-1116
BA;29;13457;Igrapiúna;13343;14270;13151;-1119
MG;31;18908;Cordisburgo;8667;8667;7547;-1120
RS;43;18804;São Lourenço do Sul;43111;43111;41989;-1122
MG;31;27800;Grão Mogol;15024;15024;13901;-1123
SP;35;24105;Ituverava;38695;38695;37571;-1124
RS;43;01750;Barão do Triunfo;7018;7018;5889;-1129
BA;29;23803;Paripiranga;27778;27740;26604;-1136
AP;16;00808;Vitória do Jari;12428;12428;11291;-1137
BA;29;15700;Itamari;7903;8190;7051;-1139
BA;29;28109;Santa Maria da Vitória;40309;39743;38604;-1139
RO;11;00056;Cerejeiras;17029;17029;15890;-1139
MG;31;09204;Buenópolis;10292;10292;9150;-1142
SP;35;30201;Mirante do Paranapanema;17059;17059;15917;-1142
MG;31;54457;Riachinho;8007;8007;6863;-1144
PR;41;26306;Sengés;18414;18414;17270;-1144
RJ;33;05307;São Sebastião do Alto;8895;8895;7750;-1145
SP;35;42909;Ribeirão Bonito;12135;12135;10989;-1146
BA;29;22409;Mutuípe;21449;21184;20037;-1147
RS;43;11155;Jóia;8331;8331;7184;-1147
MG;31;23205;Dores do Indaiá;13778;13778;12630;-1148
MT;51;07107;São José dos Quatro Marcos;18998;18998;17849;-1149
RN;24;09902;Pendências;13432;13432;12278;-1154
SP;35;35507;Paraguaçu Paulista;42278;42278;41120;-1158
CE;23;13203;Tamboril;25451;25974;24815;-1159
RS;43;14068;Passa Sete;5154;5143;3983;-1160
MT;51;06232;Nova Olímpia;17515;17515;16352;-1163
GO;52;07808;Firminópolis;11580;11582;10419;-1163
BA;29;26806;Rio do Antônio;14815;14312;13146;-1166
RS;43;08300;Fontoura Xavier;10719;10719;9550;-1169
BA;29;02252;Arataca;10392;11361;10191;-1170
BA;29;24603;Pindobaçu;20121;20257;19083;-1174
RS;43;02808;Caçapava do Sul;33690;33690;32515;-1175
RS;43;22533;Vale do Sol;11077;11077;9897;-1180
SP;35;31902;Morro Agudo;29116;29116;27933;-1183
BA;29;20809;Marcionílio Souza;10500;10451;9267;-1184
SP;35;36604;Paulo de Faria;8589;8589;7400;-1189
MG;31;64001;São Pedro dos Ferros;8356;8356;7166;-1190
MT;51;04104;Guarantã do Norte;32216;32216;31024;-1192
TO;17;02307;Arapoema;6742;6742;5550;-1192
PE;26;06507;Iati;18360;18360;17165;-1195
BA;29;29503;São Sebastião do Passé;42153;42153;40958;-1195
RS;43;06007;Crissiumal;14084;14084;12886;-1198
BA;29;31301;Tapiramutá;16516;17016;15818;-1198
SP;35;08702;Caconde;18538;18301;17101;-1200
AL;27;03106;Igaci;25188;25197;23995;-1202
MG;31;30309;Iguatama;8029;8029;6826;-1203
PE;26;02100;Bom Conselho;45503;45503;44294;-1209
MA;21;10856;São Francisco do Brejão;10261;10261;9051;-1210
ES;32;00201;Alegre;30768;30392;29177;-1215
GO;52;13004;Maurilândia;11521;11521;10304;-1217
RS;43;17004;Santana da Boa Vista;8242;8242;7024;-1218
ES;32;02108;Ecoporanga;23212;23212;21992;-1220
RN;24;08300;Nova Cruz;35490;35490;34269;-1221
RN;24;01107;Areia Branca;25315;25315;24093;-1222
MG;31;11507;Campos Altos;14206;14206;12979;-1227
MG;31;29707;Ibiraci;12176;12176;10948;-1228
AL;27;01902;Chã Preta;7146;7138;5910;-1228
AL;27;07206;Poço das Trincheiras;13872;13748;12518;-1230
PA;15;08159;Uruará;44789;44789;43558;-1231
RN;24;12302;São José do Campestre;12356;12356;11121;-1235
PE;26;03801;Capoeiras;19593;19581;18338;-1243
MG;31;25903;Ferros;10837;10837;9590;-1247
RN;24;02204;Canguaretama;30916;30916;29668;-1248
BA;29;17003;Itiúba;36113;35121;33872;-1249
RJ;33;02858;Mesquita;168376;168376;167127;-1249
SP;35;17703;Guará;19858;19858;18606;-1252
PB;25;01609;Barra de Santa Rosa;14157;14157;12904;-1253
PE;26;07950;Jaqueira;11501;11501;10247;-1254
MA;21;01301;Bacuri;17258;17548;16290;-1258
MG;31;39201;Malacacheta;18776;18776;17516;-1260
PE;26;04908;Cumaru;17183;17183;15920;-1263
RO;11;00072;Corumbiara;8783;8783;7519;-1264
RS;43;04200;Candelária;30171;30171;28906;-1265
PE;26;12554;Santa Filomena;13371;13371;12106;-1265
MG;31;02100;Alto Rio Doce;12159;12159;10891;-1268
CE;23;13757;Umirim;18802;18741;17470;-1271
PR;41;10201;Inácio Martins;10943;10943;9670;-1273
SE;28;07501;Tomar do Geru;12855;13287;12012;-1275
MG;31;42106;Miradouro;10251;10251;8968;-1283
SP;35;35101;Palmares Paulista;10934;10934;9650;-1284
RO;11;01435;Nova União;7493;7493;6200;-1293
MG;31;27073;Fruta de Leite;5940;5940;4647;-1293
AL;27;06802;Piaçabuçu;17203;17203;15908;-1295
PB;25;06905;Itabaiana;24481;24481;23182;-1299
BA;29;25907;Quijingue;27228;26575;25272;-1303
CE;23;03303;Cariús;18567;18320;17015;-1305
BA;29;16302;Itapebi;10495;10482;9174;-1308
PA;15;01907;Bujaru;25695;25695;24383;-1312
MG;31;11101;Campina Verde;19324;19324;18011;-1313
SP;35;43709;Rincão;10414;10414;9098;-1316
PA;15;05064;Novo Repartimento;62050;62050;60732;-1318
RS;43;02709;Butiá;20406;20406;19084;-1322
RS;43;11007;Jaguarão;27931;27931;26603;-1328
RS;43;06502;Dom Feliciano;14380;14380;13051;-1329
PB;25;09909;Natuba;10566;10277;8945;-1332
PA;15;07458;São Geraldo do Araguaia;25587;25587;24255;-1332
RS;43;21477;Tiradentes do Sul;6461;6461;5129;-1332
MG;31;00500;Açucena;10276;10276;8943;-1333
SP;35;26209;Juquitiba;28737;28737;27404;-1333
MG;31;32305;Itaipé;11798;11798;10463;-1335
PA;15;02756;Concórdia do Pará;28216;28216;26881;-1335
RO;11;00379;Alto Alegre dos Parecis;12816;12816;11479;-1337
BA;29;15403;Itaju do Colônia;7309;7376;6037;-1339
RN;24;03103;Currais Novos;42652;42652;41313;-1339
BA;29;20106;Mairi;19326;19015;17674;-1341
PE;26;10103;Palmeirina;8189;8373;7031;-1342
CE;23;02701;Campos Sales;26506;26478;25135;-1343
RS;43;21204;Taquara;54643;54590;53242;-1348
RS;43;11205;Júlio de Castilhos;19579;19579;18226;-1353
PB;25;15906;Serraria;6238;6238;4885;-1353
BA;29;22854;Nova Redenção;8034;8898;7538;-1360
BA;29;16807;Itarantim;18539;18412;17052;-1360
MA;21;11706;São Vicente Ferrer;20863;20863;19498;-1365
PR;41;23907;Santa Mariana;12435;12435;11066;-1369
MA;21;02150;Brejo de Areia;5577;10590;9218;-1372
PR;41;06456;Coronel Domingos Soares;7238;7022;5649;-1373
TO;17;07009;Dianópolis;19112;19112;17739;-1373
MA;21;11003;São João Batista;19920;19920;18544;-1376
CE;23;10407;Paramoti;11308;11763;10384;-1379
PR;41;23857;Santa Maria do Oeste;11500;11316;9934;-1382
BA;29;13705;Inhambupe;36306;35176;33790;-1386
CE;23;04301;Farias Brito;19007;19617;18217;-1400
PE;26;09402;Moreno;56696;56696;55292;-1404
PR;41;04402;Cândido de Abreu;16655;16655;15244;-1411
MG;31;54903;Rio Casca;14201;14201;12789;-1412
TO;17;18758;Rio Sono;6254;6254;4841;-1413
MA;21;11672;São Roberto;5957;5957;4544;-1413
RO;11;00114;Jaru;52005;52005;50591;-1414
MG;31;18403;Conselheiro Pena;22242;22242;20824;-1418
AL;27;03007;Ibateguara;15149;15149;13731;-1418
AL;27;09400;Viçosa;25407;25514;24092;-1422
RS;43;02451;Boqueirão do Leão;7673;7673;6247;-1426
ES;32;03403;Mimoso do Sul;25902;25902;24475;-1427
MG;31;62401;São João da Ponte;25358;25358;23930;-1428
PR;41;16109;Moreira Sales;12606;12606;11175;-1431
MT;51;03056;Cláudia;11028;11028;9593;-1435
MG;31;26703;Francisco Sá;24912;24912;23476;-1436
SE;28;05109;Pedrinhas;8833;8833;7396;-1437
CE;23;11207;Potengi;10276;10273;8833;-1440
AL;27;05507;Murici;26710;26627;25187;-1440
MG;31;60306;Santo Antônio do Jacinto;11775;11775;10327;-1448
PR;41;07504;Engenheiro Beltrão;13906;13906;12454;-1452
MG;31;13701;Carlos Chagas;20069;20069;18615;-1454
SP;35;01707;Américo Brasiliense;34478;34478;33019;-1459
SP;35;34302;Orlândia;39781;39781;38319;-1462
MG;31;56809;Sabinópolis;15704;15704;14240;-1464
PA;15;03705;Itupiranga;51220;51220;49754;-1466
RO;11;00296;Santa Luzia D'Oeste;8886;8886;7419;-1467
MG;31;66709;Serra dos Aimorés;8412;8412;6944;-1468
PE;26;12307;Saloá;15309;15309;13836;-1473
PR;41;25803;São Pedro do Ivaí;10167;10167;8690;-1477
BA;29;27200;Ruy Barbosa;29887;29768;28282;-1486
BA;29;10008;Dário Meira;12836;12309;10820;-1489
RS;43;20677;Sinimbu;10068;10068;8578;-1490
GO;52;16304;Paranaiguara;9100;9100;7607;-1493
PB;25;01005;Araruna;18879;18683;17189;-1494
MT;51;08600;Vila Rica;21382;21382;19888;-1494
MG;31;11606;Campos Gerais;27600;27600;26105;-1495
MT;51;03452;Denise;8523;8513;7014;-1499
BA;29;00405;Água Fria;15731;15997;14497;-1500
MA;21;12100;Timbiras;27997;27997;26484;-1513
MG;31;46305;Padre Paraíso;18849;18849;17334;-1515
CE;23;08302;Milagres;28316;27418;25900;-1518
MG;31;35605;Jequitaí;8005;8005;6484;-1521
CE;23;12601;São Luís do Curu;12332;12347;10822;-1525
AL;27;08501;São Luís do Quitunde;32412;32412;30873;-1539
BA;29;00108;Abaíra;8316;8841;7301;-1540
CE;23;05605;Independência;25573;25573;24024;-1549
MG;31;29608;Ibiaí;7839;7839;6286;-1553
PR;41;26678;Tamarana;12262;12262;10707;-1555
RN;24;10108;Poço Branco;13949;13949;12390;-1559
RN;24;02006;Caicó;62709;62709;61146;-1563
BA;29;11659;Guajeru;10412;9614;8050;-1564
RS;43;14506;Pinheiro Machado;12780;12780;11214;-1566
SP;35;14809;Eldorado;14641;14641;13069;-1572
MS;50;02100;Bela Vista;23181;23192;21613;-1579
RN;24;07203;Macau;28954;28954;27369;-1585
RO;11;00601;Cacaulândia;5736;5736;4150;-1586
PE;26;08701;Lagoa dos Gatos;15615;15665;14076;-1589
SP;35;35309;Palmital;21186;21186;19594;-1592
RO;11;01757;Vale do Anari;9384;9384;7788;-1596
MG;31;30903;Inhapim;24294;24294;22692;-1602
RS;43;05900;Coronel Bicaco;7748;7748;6144;-1604
MG;31;58201;Santa Maria do Suaçuí;14395;14395;12788;-1607
GO;52;19803;São Domingos;11272;11325;9711;-1614
SP;35;38501;Piquete;14107;14107;12490;-1617
BA;29;12301;Ibicuí;15785;15552;13934;-1618
PA;15;08050;Trairão;16875;16875;15242;-1633
SP;35;39509;Pitangueiras;35307;35307;33674;-1633
RS;43;18101;São Francisco de Assis;19254;19254;17618;-1636
AL;27;07305;Porto Calvo;25708;25708;24071;-1637
MG;31;17009;Comercinho;8298;8298;6660;-1638
CE;23;06306;Itapajé;48350;48070;46426;-1644
AL;27;03502;Jacuípe;6997;6997;5352;-1645
SP;35;47502;Santa Rita do Passa Quatro;26478;26478;24833;-1645
BA;29;03706;Boa Nova;15411;15341;13690;-1651
AL;27;05606;Novo Lino;12060;11673;10020;-1653
PE;26;08503;Lagoa de Itaenga;20659;20659;19003;-1656
BA;29;23902;Pau Brasil;10852;11028;9370;-1658
SP;35;50803;São Sebastião da Grama;12099;12099;10441;-1658
AL;27;02306;Coruripe;52130;52072;50414;-1658
BA;29;00355;Adustina;15702;15861;14201;-1660
SP;35;15350;Euclides da Cunha Paulista;9585;9585;7924;-1661
PE;26;00807;Altinho;22353;22337;20674;-1663
MG;31;42908;Monte Azul;21994;21994;20328;-1666
MA;21;05401;Itapecuru Mirim;62110;62110;60440;-1670
PE;26;00708;Aliança;37415;37415;35741;-1674
BA;29;22904;Nova Soure;24136;25911;24236;-1675
RS;43;16451;Salto do Jacuí;11880;11880;10203;-1677
BA;29;10503;Entre Rios;39872;39776;38098;-1678
MA;21;09239;Presidente Médici;6374;6374;4696;-1678
MA;21;05708;Lago da Pedra;46083;46083;44403;-1680
BA;29;03409;Belmonte;21798;21804;20121;-1683
AL;27;03205;Igreja Nova;23292;23074;21372;-1702
CE;23;09508;Orós;21389;21389;19675;-1714
MG;31;03405;Araçuaí;36013;36013;34297;-1716
PR;41;06407;Cornélio Procópio;46928;46928;45206;-1722
MA;21;08207;Pedreiras;39448;38777;37050;-1727
BA;29;15007;Itaeté;14924;15200;13472;-1728
SP;35;53708;Taquaritinga;53988;53988;52260;-1728
ES;32;03130;João Neiva;15809;15809;14079;-1730
RO;11;01807;Vale do Paraíso;8210;8210;6479;-1731
GO;52;01306;Anicuns;20239;20242;18503;-1739
SP;35;20103;Igarapava;27952;27952;26212;-1740
MT;51;01704;Barra do Bugres;31793;31146;29403;-1743
CE;23;10506;Pedra Branca;41890;41933;40187;-1746
CE;23;10100;Palmácia;12005;11994;10242;-1752
BA;29;03805;Boa Vista do Tupim;17991;18630;16873;-1757
BA;29;31806;Tremedal;17029;18055;16296;-1759
MG;31;32701;Itambacuri;22809;22809;21042;-1767
BA;29;04308;Brejões;14282;14711;12943;-1768
BA;29;32804;Utinga;18173;18049;16277;-1772
PR;41;00509;Altônia;20516;20516;18742;-1774
BA;29;13804;Ipecaetá;15331;15487;13709;-1778
AL;27;01605;Canapi;17250;17338;15559;-1779
BA;29;16906;Itiruçu;12693;12785;10999;-1786
MA;21;04909;Guimarães;12081;12081;10290;-1791
MG;31;42700;Montalvânia;15862;15862;14060;-1802
SP;35;41307;Presidente Epitácio;41318;41318;39505;-1813
MG;31;71600;Virgem da Lapa;13619;13619;11804;-1815
PE;26;05608;Flores;22169;22169;20347;-1822
MA;21;11409;São Luís Gonzaga do Maranhão;20153;19645;17818;-1827
MA;21;07704;Paraibano;20103;20103;18274;-1829
PR;41;17800;Palmital;14865;14865;13033;-1832
SE;28;05703;Propriá;28451;28451;26618;-1833
RS;43;02006;Barros Cassal;11133;11133;9296;-1837
GO;52;09903;Iaciara;12427;12427;10584;-1843
MG;31;33303;Itaobim;21001;21001;19151;-1850
AL;27;02553;Estrela de Alagoas;17251;17287;15429;-1858
PR;41;02505;Barbosa Ferraz;12656;12656;10795;-1861
BA;29;04100;Boquira;22037;21184;19322;-1862
MA;21;02358;Buritirana;14784;14784;12918;-1866
AL;27;08303;São José da Laje;22686;22686;20813;-1873
BA;29;27804;Santa Cruz da Vitória;6673;6557;4681;-1876
AM;13;00805;Borba;34961;34961;33080;-1881
MG;31;21803;Dionísio;8739;8739;6847;-1892
BA;29;29800;Saúde;11845;12373;10478;-1895
AL;27;04203;Limoeiro de Anadia;26992;26636;24740;-1896
BA;29;08309;Conceição do Almeida;17889;17698;15794;-1904
RS;43;06601;Dom Pedrito;38898;38898;36981;-1917
RJ;33;00308;Barra do Piraí;94778;94808;92883;-1925
MA;21;02507;Cajari;18338;18338;16412;-1926
RS;43;21105;Tapes;16629;16629;14695;-1934
CE;23;11900;Saboeiro;15752;15792;13854;-1938
AM;13;01100;Careiro;32734;32734;30792;-1942
RS;43;18309;São Gabriel;60425;60432;58487;-1945
AL;27;06703;Penedo;60378;60596;58650;-1946
TO;17;07405;Esperantina;9476;9476;7530;-1946
PE;26;01607;Belém do São Francisco;20253;20253;18301;-1952
MG;31;10004;Caeté;40750;40750;38776;-1974
RS;43;18002;São Borja;61671;61671;59676;-1995
AM;13;02801;Maraã;17528;17528;15529;-1999
MG;31;52402;Poté;15667;15667;13666;-2001
CE;23;02404;Boa Viagem;52498;52421;50411;-2010
BA;29;21500;Monte Santo;52338;49793;47780;-2013
PR;41;04451;Cantagalo;12952;12952;10933;-2019
BA;29;02609;Baixa Grande;20060;20240;18220;-2020
MA;21;07803;Parnarama;34586;33281;31250;-2031
PE;26;10400;Parnamirim;20224;20646;18612;-2034
PA;15;07151;São Domingos do Araguaia;23130;23130;21092;-2038
SP;35;29906;Miracatu;20592;20592;18553;-2039
CE;23;12502;São João do Jaguaribe;7900;7900;5855;-2045
BA;29;31707;Terra Nova;12803;12851;10798;-2053
MT;51;00508;Alto Paraguai;10066;10066;8009;-2057
PR;41;06803;Cruz Machado;18040;18040;15978;-2062
MG;31;70800;Várzea da Palma;35809;35809;33744;-2065
BA;29;16005;Itanhém;20216;19884;17813;-2071
MT;51;07701;Rosário Oeste;17679;17527;15453;-2074
RJ;33;00100;Angra dos Reis;169511;169511;167434;-2077
SP;35;13405;Cruzeiro;77039;77039;74961;-2078
SE;28;04409;Neópolis;18506;18506;16426;-2080
MT;51;05002;Jauru;10455;10448;8367;-2081
SP;35;15186;Espírito Santo do Pinhal;41907;41907;39816;-2091
SP;35;26100;Juquiá;19246;19246;17154;-2092
MG;31;56502;Rubelita;7772;7772;5679;-2093
BA;29;21203;Miguel Calmon;26475;26761;24661;-2100
TO;17;13205;Miracema do Tocantins;20684;20684;18566;-2118
CE;23;00408;Aiuaba;16203;16203;14076;-2127
CE;23;02008;Barro;21514;21520;19381;-2139
PE;26;11903;Rio Formoso;22151;22151;20009;-2142
SP;35;41901;Queluz;11309;11309;9159;-2150
MA;21;03604;Coroatá;61725;61725;59566;-2159
PR;41;05706;Clevelândia;17240;17240;15070;-2170
BA;29;27002;Rio Real;37164;37539;35362;-2177
BA;29;25204;Pojuca;33066;34335;32136;-2199
BA;29;15502;Itajuípe;21081;20981;18781;-2200
MT;51;07305;São José do Rio Claro;17124;17124;14911;-2213
PB;25;16409;Tacima;10262;10229;8010;-2219
BA;29;24207;Pedro Alexandre;16995;16186;13954;-2232
SP;35;39806;Poá;106013;106013;103765;-2248
RO;11;01708;Urupá;12974;12974;10725;-2249
SP;35;44251;Rosana;19691;19691;17440;-2251
AL;27;03759;Jequiá da Praia;12029;11724;9470;-2254
BA;29;28604;Santo Amaro;57800;58270;56012;-2258
RO;11;00106;Guajará-Mirim;41656;41656;39387;-2269
ES;32;04054;Pedro Canário;23794;23794;21522;-2272
MA;21;04677;Governador Nunes Freire;25401;25401;23128;-2273
RS;43;22202;Tupanciretã;22281;22281;20005;-2276
RS;43;09308;Guaíba;95204;95204;92924;-2280
PE;26;09105;Machados;13596;13627;11333;-2294
PE;26;04809;Cortês;12452;12501;10198;-2303
BA;29;22706;Nova Canaã;16713;16036;13715;-2321
BA;29;26400;Riacho de Santana;30646;33033;30711;-2322
AL;27;01704;Capela;17077;17367;15032;-2335
RS;43;14605;Piratini;19841;19841;17504;-2337
PE;26;08107;João Alfredo;30743;30069;27725;-2344
PB;25;00304;Alagoa Grande;28479;28410;26062;-2348
BA;29;05156;Caetanos;13639;13615;11266;-2349
MA;21;05427;Itinga do Maranhão;24863;24863;22513;-2350
BA;29;02401;Aurelino Leal;13595;13552;11179;-2373
RS;43;10603;Itaqui;38159;38159;35768;-2391
BA;29;02104;Araci;51651;50689;48294;-2395
BA;29;25956;Rafael Jambeiro;22874;22062;19662;-2400
PA;15;04307;Maracanã;28376;28376;25971;-2405
MG;31;09501;Cabo Verde;13823;13823;11410;-2413
AL;27;09202;Traipu;25702;25992;23565;-2427
MS;50;06903;Porto Murtinho;15372;15290;12859;-2431
SP;35;02507;Aparecida;35007;35007;32569;-2438
BA;29;32903;Valença;88673;88100;85655;-2445
BA;29;16401;Itapetinga;68273;68343;65897;-2446
CE;23;03808;Cedro;24527;24792;22344;-2448
MA;21;02077;Bom Lugar;14818;14666;12212;-2454
PE;26;08206;Joaquim Nabuco;15773;15732;13269;-2463
MG;31;06507;Berilo;12300;12300;9826;-2474
PE;26;16506;Xexéu;14093;14093;11611;-2482
RO;11;01005;Governador Jorge Teixeira;10512;10512;8001;-2511
SP;35;47700;Santo Anastácio;20475;20475;17963;-2512
AL;27;08600;São Miguel dos Campos;54577;54502;51990;-2512
RS;43;02907;Cacequi;13676;13676;11157;-2519
SP;35;51009;São Vicente;332445;332445;329911;-2534
RO;11;01609;Theobroma;10649;10649;8113;-2536
MA;21;04057;Estreito;35835;35835;33294;-2541
RO;11;01401;Monte Negro;14091;14091;11548;-2543
TO;17;03008;Babaçulândia;10424;10424;7880;-2544
PR;41;01903;Assaí;16354;16354;13797;-2557
PR;41;20002;Porecatu;14189;14189;11624;-2565
RO;11;00502;Novo Horizonte do Oeste;10240;10240;7667;-2573
RS;43;19604;São Sepé;23798;23798;21219;-2579
CE;23;12205;Santa Quitéria;42763;42763;40183;-2580
RS;43;14407;Pelotas;328275;328275;325685;-2590
BA;29;12103;Ibicaraí;24272;24272;21665;-2607
PR;41;08502;General Carneiro;13669;13669;11062;-2607
MG;31;37007;Ladainha;16994;16994;14383;-2611
BA;29;04902;Cachoeira;32026;31865;29250;-2615
SP;35;40200;Pontal;40244;40244;37607;-2637
RO;11;01302;Mirante da Serra;11878;11878;9235;-2643
ES;32;04005;Pancas;21548;21548;18893;-2655
MA;21;08405;Peri Mirim;13803;13787;11108;-2679
PE;26;14204;Sirinhaém;40296;40296;37596;-2700
AL;27;02801;Flexeiras;12325;12325;9618;-2707
SP;35;41505;Presidente Venceslau;37910;37910;35201;-2709
CE;23;05407;Icó;65456;65357;62642;-2715
AL;27;03304;Inhapi;17898;17886;15167;-2719
BA;29;11808;Guaratinga;22165;21808;19049;-2759
PA;15;00958;Aurora do Pará;26546;26546;23774;-2772
MA;21;00873;Araguanã;13973;13973;11181;-2792
MG;31;13008;Caraí;22343;22343;19548;-2795
BA;29;11501;Gongogi;8357;8360;5555;-2805
MA;21;08306;Penalva;34267;35320;32511;-2809
MA;21;12308;Tuntum;39183;39111;36251;-2860
BA;29;01601;Antas;17072;17072;14206;-2866
PE;26;09204;Maraial;12230;12230;9359;-2871
MA;21;08900;Poção de Pedras;19708;20034;17161;-2873
AL;27;05002;Mata Grande;24698;24719;21844;-2875
BA;29;07509;Catu;51077;51028;48148;-2880
MG;31;26505;Francisco Badaró;10248;10248;7366;-2882
RO;11;00155;Ouro Preto do Oeste;37928;37928;35044;-2884
RO;11;00015;Alta Floresta D'Oeste;24392;24392;21494;-2898
SE;28;03609;Laranjeiras;26902;26902;23975;-2927
RO;11;00064;Colorado do Oeste;18591;18591;15663;-2928
MG;31;00609;Água Boa;15195;15521;12589;-2932
MA;21;06904;Monção;31738;30685;27751;-2934
MA;21;03174;Centro Novo do Maranhão;17622;19203;16267;-2936
RS;43;15701;Rio Pardo;37591;37591;34654;-2937
RO;11;00254;Presidente Médici;22319;22319;19327;-2992
BA;29;10404;Encruzilhada;23766;22108;19107;-3001
MT;51;04203;Guiratinga;13934;13970;10966;-3004
MG;31;09402;Buritizeiro;26922;26922;23910;-3012
AL;27;09301;União dos Palmares;62358;62326;59280;-3046
PE;26;10202;Panelas;25645;26037;22991;-3046
BA;29;04803;Caatiba;11420;9252;6205;-3047
MA;21;00204;Alcântara;21851;21521;18467;-3054
RS;43;16402;Rosário do Sul;39707;39700;36630;-3070
BA;29;14000;Ipirá;59343;59970;56876;-3094
AL;27;09152;Teotônio Vilela;41152;41152;38053;-3099
BA;29;32200;Ubaitaba;20691;20711;17596;-3115
SP;35;18701;Guarujá;290752;290752;287634;-3118
BA;29;29008;São Félix;14098;14230;11026;-3204
MA;21;11722;Satubinha;11990;11990;8784;-3206
BA;29;17102;Itororó;19914;19914;16617;-3297
PE;26;12406;Sanharó;21955;21955;18624;-3331
AL;27;00201;Anadia;17424;17318;13966;-3352
MA;21;11029;São João do Carú;12309;15668;12251;-3417
BA;29;32457;Umburanas;17000;17089;13642;-3447
MA;21;00907;Araioses;42505;42505;39052;-3453
BA;29;30709;Simões Filho;118047;118047;114559;-3488
MG;31;15300;Cataguases;69757;69757;66261;-3496
SP;35;23206;Itararé;47934;47934;44438;-3496
BA;29;05800;Camamu;35180;33972;30469;-3503
BA;29;04704;Buerarema;18605;18377;14804;-3573
RS;43;04507;Canguçu;53259;53259;49680;-3579
CE;23;03006;Caridade;20020;19956;16377;-3579
PE;26;12109;Salgadinho;9312;9312;5727;-3585
PA;15;02954;Eldorado do Carajás;31786;31786;28192;-3594
PE;26;05202;Escada;63517;63489;59891;-3598
BA;29;24702;Piripá;12783;12757;9152;-3605
BA;29;08002;Coaraci;20964;20964;17333;-3631
MG;31;01508;Além Paraíba;34349;34349;30717;-3632
AM;13;03106;Nova Olinda do Norte;30696;30696;27062;-3634
PE;26;00906;Amaraji;21939;21890;18205;-3685
BA;29;19801;Macaúbas;47051;45569;41859;-3710
RJ;33;06107;Valença;71843;71822;68088;-3734
RO;11;00346;Alvorada D'Oeste;16853;16853;13117;-3736
MG;31;45307;Novo Cruzeiro;30725;30725;26975;-3750
RS;43;03004;Cachoeira do Sul;83827;83827;80070;-3757
ES;32;01209;Cachoeiro de Itapemirim;189889;189546;185786;-3760
MA;21;03307;Codó;118038;118038;114275;-3763
BA;29;13903;Ipiaú;44390;44485;40706;-3779
MA;21;06300;Magalhães de Almeida;17587;17587;13807;-3780
BA;29;13606;Ilhéus;184236;182438;178649;-3789
PE;26;13008;São Bento do Una;53242;53242;49449;-3793
RO;11;00700;Campo Novo de Rondônia;12665;12665;8844;-3821
MG;31;60702;Santos Dumont;46284;46284;42406;-3878
RO;11;01203;Ministro Andreazza;10352;10352;6466;-3886
BA;29;15601;Itamaraju;63069;63513;59605;-3908
RS;43;06106;Cruz Alta;62821;62821;58913;-3908
MT;51;03379;Cotriguaçu;14983;14983;11011;-3972
AM;13;03601;Santa Isabel do Rio Negro;18146;18146;14164;-3982
GO;52;13087;Minaçu;31154;31150;27075;-4075
AL;27;01308;Cajueiro;20409;20106;16024;-4082
RO;11;00148;Nova Brasilândia D'Oeste;19874;19874;15679;-4195
AL;27;02108;Colônia Leopoldina;20019;20019;15816;-4203
AM;13;01159;Careiro da Várzea;23930;23930;19637;-4293
BA;29;23100;Olindina;24943;26942;22633;-4309
PA;15;06195;Rurópolis;40087;40087;35769;-4318
PE;26;16308;Vicência;30732;30732;26359;-4373
RO;11;00452;Buritis;32383;32383;27992;-4391
BA;29;13507;Iguaí;25705;25928;21491;-4437
BA;29;23050;Novo Triunfo;15051;15105;10660;-4445
RS;43;07708;Esteio;80755;80755;76137;-4618
CE;23;08500;Mombaça;42690;42375;37735;-4640
BA;29;24801;Piritiba;22399;22237;17566;-4671
AL;27;01001;Boca da Mata;25776;25916;21187;-4729
BA;29;17300;Ituberá;26591;26691;21902;-4789
MA;21;07357;Nova Olinda do Maranhão;19134;19134;14314;-4820
AP;16;00279;Laranjal do Jari;39942;39942;35114;-4828
MG;31;16100;Chapada do Norte;15189;15189;10337;-4852
PE;26;10004;Palmares;59526;59526;54584;-4942
BA;29;17607;Jaguaquara;51011;50907;45964;-4943
BA;29;32507;Una;24110;23089;18131;-4958
MA;21;03406;Coelho Neto;46750;46750;41658;-5092
RS;43;00406;Alegrete;77653;77653;72409;-5244
PA;15;05650;Placas;23934;23934;18668;-5266
RS;43;15602;Rio Grande;197228;197228;191900;-5328
MA;21;00477;Alto Alegre do Pindaré;31057;31052;25710;-5342
AM;13;01209;Coari;75965;75965;70616;-5349
PA;15;08126;Ulianópolis;43341;43341;37972;-5369
AL;27;03809;Joaquim Gomes;22575;22575;17150;-5425
AM;13;03403;Parintins;102033;102033;96372;-5661
PE;26;04205;Catende;37820;37820;32156;-5664
AM;13;02553;Manaquiri;22801;22801;17107;-5694
MG;31;44300;Nanuque;40834;40834;35038;-5796
RJ;33;03302;Niterói;487562;487562;481749;-5813
PA;15;08100;Tucuruí;97128;97128;91306;-5822
RJ;33;03609;Paracambi;47124;47281;41375;-5906
MA;21;02002;Bom Jardim;39049;39049;33100;-5949
MA;21;00956;Arame;31702;31471;25517;-5954
MA;21;12704;Vargem Grande;49412;49412;43261;-6151
SP;35;13504;Cubatão;118720;118720;112476;-6244
PE;26;11507;Quipapá;24186;24186;17928;-6258
CE;23;00309;Acopiara;51160;51271;44962;-6309
MG;31;41801;Minas Novas;30794;30794;24405;-6389
MG;31;27701;Governador Valadares;263689;263689;257171;-6518
PE;26;00401;Água Preta;33095;33095;26461;-6634
PA;15;01782;Breu Branco;52493;52493;45712;-6781
BA;29;20601;Maragogipe;42815;42661;35859;-6802
PA;15;07953;Tailândia;79297;79297;72493;-6804
AL;27;00409;Atalaia;44322;44326;37512;-6814
PA;15;01956;Cachoeira do Piriá;26484;26484;19630;-6854
AM;13;00409;Barcelos;25718;25718;18834;-6884
PA;15;00347;Água Azul do Norte;25057;25057;18080;-6977
RJ;33;00407;Barra Mansa;177813;176947;169894;-7053
BA;29;22102;Mundo Novo;24395;24368;17305;-7063
GO;52;14606;Niquelândia;42361;42361;34964;-7397
MS;50;03207;Corumbá;103703;103675;96268;-7407
PA;15;03093;Goianésia do Pará;30436;33864;26362;-7502
PE;26;15300;Timbaúba;53825;53825;46147;-7678
MA;21;14007;Zé Doca;50173;48490;40801;-7689
BA;29;32309;Ubatã;25004;24272;16094;-8178
RS;43;22400;Uruguaiana;125435;125435;117210;-8225
RS;43;00604;Alvorada;195673;195673;187315;-8358
CE;23;03600;Catarina;18745;18705;10243;-8462
BA;29;05602;Camacan;31472;31173;22579;-8594
CE;23;07700;Maranguape;113561;114005;105093;-8912
BA;29;06501;Candeias;83158;81634;72382;-9252
PB;25;01807;Bayeux;99716;92350;82742;-9608
PE;26;05905;Gameleira;27912;27912;18214;-9698
MA;21;02325;Buriticupu;65237;65237;55499;-9738
RJ;33;03203;Nilópolis;157425;157425;146774;-10651
PE;26;11804;Ribeirão;44439;44497;33507;-10990
RS;43;13409;Novo Hamburgo;238940;238940;227646;-11294
MA;21;10005;Santa Luzia;74043;69184;57635;-11549
MG;31;31307;Ipatinga;239468;239468;227731;-11737
PA;15;03804;Jacundá;51360;51360;37707;-13653
RS;43;23002;Viamão;239384;239384;224112;-15272
RJ;33;03906;Petrópolis;295917;295774;278881;-16893
PA;15;03457;Ipixuna do Pará;51309;47881;30329;-17552
RJ;33;05109;São João de Meriti;458673;458673;440962;-17711
BA;29;14802;Itabuna;204667;204478;186708;-17770
AL;27;01407;Campo Alegre;50816;51121;32106;-19015
PA;15;06708;Santana do Araguaia;56153;56153;32413;-23740
PA;15;07300;São Félix do Xingu;91340;91340;65418;-25922
PE;26;09600;Olinda;377779;377779;349976;-27803
CE;23;04400;Fortaleza;2452185;2459712;2428708;-31004
RJ;33;01702;Duque de Caxias;855048;855088;808161;-46927
PE;26;11606;Recife;1537704;1537704;1488920;-48784
RN;24;08102;Natal;803739;803739;751300;-52439
MG;31;06200;Belo Horizonte;2375151;2375609;2315560;-60049
RS;43;14902;Porto Alegre;1409351;1409351;1332845;-76506
PA;15;01402;Belém;1393399;1393399;1303403;-89996
RJ;33;04904;São Gonçalo;999728;999728;896744;-102984
RJ;33;04557;Rio de Janeiro;6320446;6320446;6211223;-109223
BA;29;27408;Salvador;2675656;2675656;2417678;-257978
